EmployeeNumber,BusinessTravel,DistanceFromHome,OverTime
1,Travel_Rarely,1,Yes
2,Travel_Frequently,8,No
4,Travel_Rarely,2,Yes
5,Travel_Frequently,3,Yes
7,Travel_Rarely,2,No
8,Travel_Frequently,2,No
10,Travel_Rarely,3,Yes
11,Travel_Rarely,24,No
12,Travel_Frequently,23,No
13,Travel_Rarely,27,No
14,Travel_Rarely,16,No
15,Travel_Rarely,15,Yes
16,Travel_Rarely,26,No
18,Travel_Rarely,19,No
19,Travel_Rarely,24,Yes
20,Travel_Rarely,21,No
21,Travel_Rarely,5,Yes
22,Non-Travel,16,Yes
23,Travel_Rarely,2,No
24,Travel_Rarely,2,Yes
26,Non-Travel,11,No
27,Travel_Rarely,9,No
28,Travel_Rarely,7,No
30,Travel_Rarely,15,No
31,Travel_Rarely,6,No
32,Travel_Rarely,5,No
33,Travel_Frequently,16,Yes
35,Travel_Rarely,8,No
36,Travel_Rarely,7,No
38,Travel_Rarely,2,No
39,Travel_Rarely,2,No
40,Travel_Rarely,10,Yes
41,Travel_Rarely,9,No
42,Travel_Rarely,5,No
45,Travel_Rarely,1,Yes
46,Travel_Rarely,2,No
47,Travel_Rarely,3,Yes
49,Travel_Rarely,2,No
51,Travel_Rarely,5,Yes
52,Travel_Frequently,1,No
53,Travel_Rarely,4,No
54,Travel_Rarely,2,No
55,Travel_Rarely,25,No
56,Travel_Frequently,8,No
57,Travel_Frequently,1,No
58,Travel_Rarely,12,No
60,Non-Travel,23,No
61,Travel_Rarely,19,No
62,Travel_Frequently,5,Yes
63,Travel_Rarely,8,No
64,Travel_Rarely,1,Yes
65,Travel_Rarely,5,Yes
68,Travel_Rarely,1,Yes
70,Non-Travel,11,Yes
72,Travel_Rarely,23,Yes
73,Travel_Frequently,1,Yes
74,Travel_Frequently,18,No
75,Travel_Rarely,23,Yes
76,Travel_Rarely,7,No
77,Travel_Rarely,1,No
78,Travel_Rarely,1,Yes
79,Travel_Frequently,29,No
80,Travel_Rarely,7,Yes
81,Travel_Rarely,25,No
83,Travel_Rarely,8,No
84,Travel_Rarely,8,Yes
85,Travel_Frequently,11,No
86,Travel_Rarely,7,No
88,Travel_Frequently,1,No
90,Travel_Rarely,9,Yes
91,Travel_Frequently,1,No
94,Travel_Rarely,2,No
95,Travel_Rarely,1,No
96,Travel_Rarely,1,No
97,Travel_Rarely,6,No
98,Travel_Rarely,8,No
100,Travel_Rarely,1,No
101,Travel_Rarely,6,Yes
102,Travel_Rarely,7,No
103,Travel_Rarely,5,Yes
104,Travel_Rarely,1,Yes
105,Travel_Rarely,1,No
106,Travel_Rarely,1,No
107,Non-Travel,6,Yes
110,Travel_Rarely,1,No
112,Travel_Rarely,7,No
113,Travel_Rarely,2,No
116,Travel_Rarely,9,No
117,Travel_Rarely,2,No
118,Travel_Rarely,9,No
119,Travel_Frequently,1,No
120,Travel_Rarely,21,Yes
121,Travel_Rarely,4,Yes
124,Travel_Frequently,1,Yes
125,Travel_Rarely,6,No
126,Travel_Rarely,2,No
128,Travel_Rarely,3,No
129,Non-Travel,4,No
131,Travel_Rarely,10,No
132,Non-Travel,23,No
133,Travel_Rarely,6,Yes
134,Travel_Rarely,1,No
137,Travel_Frequently,6,Yes
138,Travel_Rarely,6,No
139,Non-Travel,2,No
140,Non-Travel,2,No
141,Travel_Frequently,1,Yes
142,Travel_Rarely,5,Yes
143,Travel_Rarely,7,No
144,Travel_Rarely,15,No
145,Travel_Frequently,1,No
147,Travel_Frequently,7,Yes
148,Non-Travel,26,Yes
150,Travel_Rarely,18,No
151,Travel_Rarely,6,No
152,Travel_Rarely,3,No
153,Travel_Rarely,5,No
154,Travel_Frequently,11,No
155,Travel_Rarely,3,No
158,Travel_Frequently,26,Yes
159,Travel_Frequently,23,No
160,Non-Travel,22,No
161,Travel_Rarely,14,Yes
162,Travel_Rarely,6,No
163,Travel_Rarely,6,Yes
164,Travel_Rarely,6,No
165,Travel_Rarely,23,No
167,Travel_Rarely,22,Yes
169,Travel_Rarely,2,No
170,Travel_Rarely,20,No
171,Travel_Frequently,28,No
174,Travel_Frequently,12,No
175,Travel_Rarely,20,Yes
176,Travel_Rarely,9,Yes
177,Travel_Rarely,25,No
178,Travel_Rarely,6,No
179,Travel_Frequently,8,No
182,Travel_Rarely,4,No
183,Travel_Rarely,28,No
184,Travel_Rarely,9,Yes
190,Travel_Rarely,9,No
192,Travel_Rarely,29,No
193,Travel_Rarely,3,Yes
194,Travel_Rarely,18,No
195,Travel_Frequently,9,No
197,Travel_Rarely,5,No
198,Travel_Rarely,2,No
199,Travel_Frequently,10,No
200,Travel_Rarely,9,No
201,Travel_Rarely,3,No
202,Travel_Frequently,26,No
204,Travel_Rarely,1,No
205,Travel_Rarely,6,Yes
206,Travel_Rarely,9,No
207,Travel_Frequently,8,No
208,Non-Travel,1,No
211,Travel_Rarely,7,No
214,Travel_Rarely,9,Yes
215,Travel_Rarely,4,No
216,Travel_Frequently,2,No
217,Travel_Rarely,19,No
218,Non-Travel,9,No
221,Travel_Rarely,21,No
223,Travel_Rarely,24,Yes
224,Non-Travel,3,Yes
226,Travel_Rarely,11,No
227,Travel_Rarely,14,No
228,Travel_Rarely,5,No
230,Travel_Rarely,1,No
231,Travel_Rarely,6,No
233,Travel_Rarely,17,Yes
235,Travel_Frequently,1,No
238,Travel_Frequently,3,No
239,Non-Travel,9,No
240,Travel_Rarely,4,Yes
241,Travel_Rarely,8,Yes
242,Travel_Rarely,2,No
243,Travel_Rarely,2,No
244,Travel_Rarely,1,No
245,Travel_Rarely,9,No
246,Travel_Rarely,12,Yes
247,Travel_Rarely,27,No
248,Travel_Rarely,20,Yes
249,Travel_Rarely,1,No
250,Travel_Rarely,13,No
252,Travel_Rarely,14,No
253,Travel_Rarely,4,No
254,Travel_Rarely,14,No
256,Travel_Frequently,2,No
258,Travel_Rarely,3,No
259,Travel_Rarely,1,No
260,Travel_Rarely,9,No
261,Travel_Rarely,23,Yes
262,Non-Travel,7,No
264,Non-Travel,2,No
267,Travel_Rarely,21,Yes
269,Travel_Frequently,2,No
270,Non-Travel,21,No
271,Travel_Rarely,2,No
273,Travel_Rarely,29,No
274,Travel_Frequently,1,No
275,Non-Travel,18,Yes
277,Travel_Frequently,10,Yes
281,Travel_Rarely,19,Yes
282,Travel_Rarely,29,Yes
283,Travel_Rarely,27,No
284,Travel_Rarely,5,Yes
286,Travel_Frequently,18,No
287,Non-Travel,9,No
288,Travel_Rarely,1,No
291,Travel_Rarely,4,No
292,Non-Travel,1,No
293,Travel_Frequently,20,No
296,Travel_Rarely,8,No
297,Travel_Rarely,3,Yes
298,Travel_Rarely,6,Yes
299,Travel_Frequently,26,No
300,Travel_Rarely,1,No
302,Non-Travel,6,No
303,Travel_Rarely,3,No
304,Travel_Rarely,5,No
305,Travel_Rarely,4,No
306,Travel_Frequently,11,Yes
307,Travel_Rarely,3,No
308,Non-Travel,1,No
309,Travel_Rarely,3,No
311,Travel_Frequently,4,No
312,Travel_Frequently,1,No
314,Travel_Frequently,1,No
315,Travel_Rarely,18,Yes
316,Travel_Rarely,2,No
319,Travel_Rarely,4,No
321,Travel_Rarely,6,No
323,Travel_Rarely,1,No
325,Travel_Rarely,14,Yes
327,Travel_Rarely,16,Yes
328,Travel_Rarely,2,No
329,Non-Travel,2,Yes
330,Travel_Rarely,4,No
331,Travel_Rarely,1,Yes
332,Travel_Rarely,1,No
333,Non-Travel,26,No
334,Travel_Rarely,19,No
335,Travel_Rarely,24,No
336,Travel_Rarely,1,No
337,Travel_Frequently,3,No
338,Travel_Rarely,5,No
339,Travel_Rarely,2,No
340,Travel_Rarely,1,No
341,Travel_Frequently,7,No
342,Travel_Frequently,10,No
343,Travel_Frequently,2,No
346,Travel_Rarely,15,No
347,Travel_Rarely,17,Yes
349,Travel_Rarely,20,No
350,Travel_Rarely,1,No
351,Travel_Rarely,2,Yes
352,Travel_Rarely,2,No
353,Travel_Rarely,1,No
355,Travel_Frequently,29,No
359,Travel_Frequently,7,No
361,Non-Travel,2,No
362,Travel_Rarely,2,No
363,Travel_Rarely,2,Yes
364,Travel_Rarely,2,No
366,Travel_Rarely,2,No
367,Travel_Rarely,23,No
369,Non-Travel,5,No
372,Travel_Rarely,20,Yes
373,Travel_Rarely,6,No
374,Travel_Rarely,1,Yes
376,Non-Travel,29,Yes
377,Travel_Rarely,9,No
378,Travel_Rarely,6,No
379,Travel_Rarely,3,No
380,Non-Travel,1,Yes
381,Travel_Rarely,22,No
382,Travel_Rarely,7,Yes
384,Travel_Frequently,1,No
385,Travel_Rarely,4,No
386,Travel_Rarely,3,Yes
387,Travel_Rarely,1,No
388,Travel_Frequently,2,No
389,Travel_Rarely,20,Yes
390,Travel_Frequently,11,Yes
391,Travel_Rarely,1,No
392,Travel_Frequently,24,Yes
393,Travel_Rarely,23,No
394,Travel_Rarely,16,Yes
395,Travel_Rarely,8,No
396,Travel_Frequently,10,Yes
397,Travel_Rarely,3,No
399,Travel_Frequently,5,No
401,Travel_Rarely,4,Yes
403,Travel_Frequently,9,Yes
404,Travel_Frequently,26,No
405,Travel_Rarely,3,No
406,Travel_Rarely,16,No
407,Travel_Frequently,18,No
408,Travel_Rarely,2,No
410,Travel_Rarely,2,No
411,Travel_Rarely,10,No
412,Travel_Rarely,16,No
416,Travel_Rarely,7,No
417,Travel_Rarely,1,No
419,Non-Travel,24,No
420,Travel_Rarely,7,No
421,Travel_Rarely,25,No
422,Non-Travel,1,Yes
423,Travel_Rarely,5,Yes
424,Travel_Rarely,2,No
425,Travel_Frequently,7,No
426,Travel_Rarely,2,Yes
428,Travel_Frequently,5,No
429,Travel_Rarely,10,Yes
430,Travel_Frequently,10,No
431,Travel_Rarely,1,Yes
433,Travel_Rarely,8,No
434,Travel_Rarely,5,Yes
436,Travel_Rarely,8,Yes
437,Travel_Rarely,2,Yes
438,Travel_Rarely,7,No
439,Travel_Rarely,2,No
440,Travel_Rarely,2,Yes
441,Travel_Rarely,28,No
442,Travel_Frequently,7,No
444,Travel_Frequently,7,No
445,Travel_Rarely,3,Yes
446,Travel_Frequently,10,No
447,Travel_Rarely,5,No
448,Travel_Frequently,10,No
449,Non-Travel,1,Yes
450,Travel_Frequently,20,No
451,Travel_Rarely,7,No
452,Travel_Rarely,8,No
453,Travel_Rarely,1,Yes
454,Travel_Rarely,8,Yes
455,Travel_Rarely,9,No
456,Travel_Rarely,5,No
458,Travel_Rarely,8,No
460,Travel_Rarely,5,No
461,Travel_Rarely,15,Yes
462,Travel_Rarely,7,Yes
463,Travel_Rarely,10,Yes
464,Travel_Rarely,5,No
465,Travel_Rarely,26,No
466,Travel_Rarely,6,Yes
467,Travel_Frequently,4,No
468,Travel_Rarely,23,No
469,Non-Travel,2,No
470,Travel_Rarely,2,Yes
471,Travel_Rarely,2,No
473,Travel_Rarely,29,No
474,Travel_Rarely,6,Yes
475,Non-Travel,25,Yes
476,Travel_Rarely,1,No
477,Travel_Rarely,2,No
478,Travel_Frequently,1,Yes
479,Non-Travel,1,No
481,Travel_Frequently,3,No
482,Travel_Rarely,1,No
483,Travel_Rarely,10,Yes
484,Non-Travel,9,No
485,Travel_Rarely,5,Yes
486,Travel_Rarely,10,No
487,Non-Travel,7,No
488,Travel_Frequently,4,No
491,Travel_Rarely,10,No
492,Travel_Rarely,22,Yes
493,Travel_Rarely,9,Yes
494,Travel_Rarely,12,No
495,Travel_Rarely,23,No
496,Travel_Rarely,9,No
497,Travel_Rarely,1,No
498,Travel_Rarely,9,No
499,Travel_Rarely,7,No
500,Travel_Rarely,14,No
501,Travel_Rarely,2,No
502,Non-Travel,19,Yes
505,Travel_Rarely,2,Yes
507,Travel_Rarely,10,Yes
508,Travel_Rarely,2,No
510,Travel_Frequently,3,No
511,Travel_Rarely,11,No
513,Travel_Rarely,2,No
514,Travel_Frequently,4,Yes
515,Travel_Rarely,14,No
516,Travel_Rarely,2,No
517,Travel_Rarely,1,No
518,Travel_Rarely,10,Yes
520,Travel_Rarely,12,No
521,Travel_Rarely,2,No
522,Travel_Rarely,5,No
523,Non-Travel,4,No
524,Travel_Rarely,7,No
525,Travel_Frequently,21,No
526,Travel_Rarely,8,Yes
527,Travel_Rarely,4,Yes
529,Non-Travel,25,Yes
530,Travel_Rarely,1,No
531,Travel_Frequently,1,Yes
532,Travel_Frequently,6,No
533,Travel_Rarely,12,No
534,Travel_Rarely,1,No
536,Travel_Rarely,17,No
538,Travel_Rarely,3,No
543,Travel_Rarely,3,Yes
544,Travel_Rarely,10,No
546,Travel_Rarely,4,No
547,Travel_Frequently,29,No
548,Travel_Rarely,2,No
549,Travel_Rarely,7,No
550,Travel_Rarely,18,No
551,Travel_Frequently,28,No
554,Travel_Rarely,1,Yes
555,Travel_Frequently,6,No
556,Travel_Frequently,2,Yes
558,Travel_Rarely,2,No
560,Travel_Rarely,23,No
562,Non-Travel,3,No
564,Travel_Rarely,3,No
565,Travel_Rarely,25,No
566,Travel_Rarely,2,No
567,Non-Travel,22,No
568,Travel_Rarely,29,No
569,Travel_Rarely,29,No
571,Non-Travel,2,No
573,Travel_Frequently,28,No
574,Travel_Rarely,2,No
575,Travel_Rarely,2,No
577,Travel_Rarely,22,No
578,Travel_Rarely,8,No
579,Travel_Rarely,2,No
580,Travel_Rarely,10,Yes
581,Travel_Rarely,9,No
582,Travel_Rarely,15,Yes
584,Travel_Rarely,10,No
585,Travel_Rarely,7,No
586,Travel_Rarely,16,Yes
587,Travel_Frequently,20,No
590,Travel_Frequently,23,Yes
591,Travel_Frequently,5,No
592,Non-Travel,10,No
593,Travel_Frequently,4,No
595,Travel_Rarely,2,No
597,Travel_Rarely,18,No
599,Non-Travel,10,No
600,Travel_Rarely,1,No
601,Travel_Rarely,6,No
602,Travel_Frequently,8,No
604,Travel_Rarely,2,Yes
605,Travel_Rarely,24,Yes
606,Travel_Rarely,2,No
608,Travel_Frequently,17,Yes
611,Travel_Rarely,19,No
612,Travel_Rarely,1,No
613,Travel_Rarely,7,No
614,Travel_Frequently,5,Yes
615,Non-Travel,28,No
616,Non-Travel,2,Yes
618,Travel_Rarely,29,No
620,Travel_Rarely,1,No
621,Travel_Rarely,21,No
622,Travel_Rarely,24,Yes
623,Travel_Rarely,1,No
624,Travel_Frequently,18,No
625,Travel_Rarely,2,No
626,Non-Travel,9,No
630,Travel_Rarely,6,Yes
631,Non-Travel,11,No
632,Travel_Frequently,24,No
634,Travel_Rarely,10,No
635,Travel_Rarely,1,No
638,Travel_Rarely,18,Yes
639,Travel_Rarely,23,Yes
641,Travel_Rarely,28,No
643,Travel_Rarely,17,No
644,Travel_Frequently,3,No
645,Travel_Rarely,13,No
647,Travel_Frequently,7,Yes
648,Travel_Frequently,12,No
649,Travel_Rarely,1,Yes
650,Travel_Rarely,13,No
652,Travel_Rarely,25,No
653,Travel_Rarely,6,No
655,Travel_Rarely,6,No
656,Travel_Rarely,2,Yes
657,Travel_Rarely,1,No
659,Travel_Rarely,2,No
661,Travel_Rarely,6,Yes
662,Travel_Rarely,1,No
663,Travel_Frequently,9,Yes
664,Travel_Rarely,1,No
665,Travel_Rarely,1,No
666,Travel_Rarely,14,Yes
667,Travel_Rarely,2,No
669,Travel_Rarely,22,No
671,Travel_Rarely,3,Yes
675,Travel_Rarely,6,No
677,Travel_Rarely,8,No
679,Travel_Rarely,9,Yes
680,Travel_Frequently,3,No
682,Travel_Rarely,1,No
683,Travel_Rarely,1,No
684,Travel_Frequently,26,No
686,Travel_Rarely,6,Yes
689,Travel_Rarely,3,No
690,Travel_Rarely,3,No
691,Travel_Rarely,6,No
692,Travel_Frequently,6,No
698,Travel_Rarely,19,No
699,Travel_Rarely,9,Yes
700,Travel_Rarely,3,No
701,Travel_Rarely,10,Yes
702,Travel_Frequently,3,Yes
704,Non-Travel,3,No
705,Travel_Rarely,4,No
707,Travel_Rarely,8,No
709,Travel_Rarely,7,No
710,Travel_Frequently,1,No
712,Travel_Rarely,2,No
714,Travel_Frequently,3,Yes
715,Travel_Rarely,10,No
716,Travel_Rarely,28,Yes
717,Travel_Rarely,9,No
720,Travel_Rarely,3,No
721,Travel_Rarely,2,No
722,Travel_Rarely,10,No
723,Travel_Frequently,8,Yes
724,Travel_Rarely,1,No
725,Travel_Rarely,1,No
727,Travel_Rarely,3,No
728,Travel_Rarely,14,No
729,Travel_Frequently,5,Yes
730,Travel_Rarely,7,No
731,Travel_Rarely,10,No
732,Travel_Rarely,16,No
733,Travel_Frequently,10,No
734,Travel_Rarely,1,No
738,Travel_Rarely,8,No
741,Travel_Rarely,1,Yes
742,Non-Travel,8,No
743,Travel_Rarely,1,Yes
744,Non-Travel,24,No
746,Travel_Frequently,3,Yes
747,Travel_Rarely,27,No
749,Travel_Rarely,10,No
752,Travel_Frequently,19,Yes
754,Travel_Frequently,15,No
757,Travel_Rarely,8,No
758,Travel_Rarely,9,No
760,Travel_Rarely,3,No
762,Travel_Rarely,9,No
763,Travel_Rarely,2,Yes
764,Travel_Rarely,7,No
766,Travel_Rarely,10,No
769,Travel_Rarely,6,No
771,Non-Travel,2,No
772,Travel_Frequently,24,No
773,Travel_Rarely,2,Yes
775,Travel_Rarely,8,No
776,Travel_Rarely,3,No
780,Travel_Rarely,1,Yes
781,Travel_Rarely,26,No
783,Travel_Rarely,2,No
784,Travel_Rarely,10,No
785,Travel_Frequently,27,Yes
786,Travel_Rarely,2,No
787,Travel_Rarely,2,Yes
789,Non-Travel,8,No
791,Non-Travel,19,No
792,Travel_Frequently,1,No
793,Travel_Rarely,27,No
796,Travel_Rarely,8,No
797,Travel_Rarely,1,No
799,Travel_Rarely,19,Yes
800,Travel_Frequently,8,No
802,Travel_Rarely,10,Yes
803,Travel_Frequently,2,Yes
804,Travel_Rarely,2,No
805,Travel_Rarely,8,No
806,Travel_Rarely,1,No
807,Travel_Frequently,2,No
808,Travel_Rarely,8,No
809,Travel_Frequently,8,No
811,Travel_Rarely,6,Yes
812,Non-Travel,9,No
813,Travel_Rarely,11,No
815,Travel_Rarely,2,No
816,Travel_Rarely,1,Yes
817,Travel_Rarely,7,No
819,Travel_Rarely,16,No
820,Travel_Rarely,2,Yes
823,Travel_Rarely,1,No
824,Travel_Rarely,23,No
825,Travel_Rarely,2,Yes
826,Travel_Rarely,1,No
827,Travel_Rarely,1,Yes
828,Travel_Rarely,2,No
829,Travel_Rarely,13,No
830,Travel_Rarely,4,No
832,Travel_Frequently,16,No
833,Travel_Rarely,2,Yes
834,Travel_Rarely,2,No
836,Travel_Rarely,29,No
837,Travel_Frequently,12,No
838,Travel_Frequently,16,No
840,Travel_Rarely,11,No
842,Travel_Rarely,2,No
843,Travel_Rarely,14,No
844,Travel_Rarely,5,Yes
845,Travel_Rarely,7,No
846,Travel_Rarely,2,Yes
847,Travel_Rarely,3,No
848,Travel_Frequently,5,Yes
850,Non-Travel,3,No
851,Travel_Rarely,26,No
852,Travel_Rarely,4,No
854,Travel_Rarely,2,No
855,Travel_Rarely,1,No
856,Travel_Rarely,27,No
857,Travel_Rarely,1,Yes
859,Travel_Rarely,13,No
861,Travel_Frequently,5,No
862,Travel_Rarely,7,Yes
864,Travel_Rarely,9,Yes
865,Travel_Rarely,8,No
867,Travel_Frequently,25,No
868,Travel_Rarely,16,No
869,Travel_Rarely,8,No
872,Travel_Rarely,1,No
874,Travel_Rarely,8,Yes
875,Travel_Frequently,2,Yes
878,Travel_Rarely,8,No
879,Travel_Rarely,3,Yes
880,Travel_Rarely,9,Yes
881,Travel_Frequently,25,Yes
882,Non-Travel,1,No
885,Travel_Rarely,4,No
887,Travel_Rarely,1,No
888,Non-Travel,4,No
889,Travel_Frequently,5,No
893,Travel_Rarely,9,No
894,Travel_Rarely,3,Yes
895,Travel_Rarely,11,Yes
896,Travel_Rarely,1,Yes
897,Travel_Rarely,8,No
899,Travel_Rarely,25,No
900,Travel_Frequently,21,No
901,Travel_Rarely,23,No
902,Travel_Frequently,1,No
903,Travel_Rarely,2,Yes
904,Non-Travel,19,Yes
905,Non-Travel,2,No
909,Travel_Rarely,2,No
910,Travel_Rarely,3,Yes
911,Travel_Rarely,25,Yes
912,Travel_Rarely,7,No
913,Travel_Rarely,9,Yes
916,Travel_Rarely,5,No
918,Travel_Frequently,2,Yes
920,Travel_Rarely,8,No
922,Travel_Rarely,2,No
923,Travel_Rarely,18,No
924,Travel_Rarely,14,Yes
925,Travel_Rarely,2,Yes
926,Travel_Rarely,3,Yes
927,Travel_Rarely,2,Yes
930,Travel_Rarely,9,No
932,Travel_Rarely,6,Yes
933,Travel_Rarely,4,No
934,Travel_Rarely,10,No
936,Travel_Rarely,14,No
939,Travel_Rarely,1,Yes
940,Travel_Rarely,5,Yes
941,Travel_Rarely,7,No
942,Travel_Rarely,21,Yes
944,Travel_Rarely,8,No
945,Travel_Rarely,20,No
947,Non-Travel,20,No
949,Travel_Rarely,7,No
950,Travel_Rarely,1,No
951,Non-Travel,1,No
952,Travel_Rarely,19,Yes
954,Travel_Rarely,10,No
956,Travel_Frequently,1,No
957,Travel_Rarely,6,Yes
958,Travel_Rarely,2,No
959,Travel_Rarely,21,Yes
960,Travel_Rarely,4,No
961,Travel_Rarely,12,Yes
964,Travel_Frequently,9,Yes
966,Travel_Rarely,3,No
967,Travel_Rarely,3,Yes
969,Travel_Rarely,1,No
970,Travel_Rarely,1,No
972,Non-Travel,4,No
974,Travel_Frequently,20,No
975,Travel_Rarely,18,No
976,Travel_Rarely,1,No
977,Travel_Rarely,2,No
981,Travel_Rarely,2,No
982,Travel_Rarely,8,No
983,Non-Travel,10,Yes
984,Travel_Rarely,3,No
985,Travel_Rarely,2,No
986,Non-Travel,24,Yes
987,Travel_Frequently,16,Yes
990,Non-Travel,8,No
991,Non-Travel,9,Yes
992,Non-Travel,17,No
994,Travel_Rarely,10,Yes
995,Travel_Rarely,13,No
996,Travel_Rarely,1,No
997,Travel_Rarely,1,No
998,Travel_Frequently,1,Yes
999,Travel_Frequently,9,No
1001,Travel_Rarely,16,No
1002,Non-Travel,23,Yes
1003,Travel_Rarely,4,Yes
1004,Travel_Rarely,22,Yes
1005,Travel_Rarely,24,Yes
1006,Travel_Frequently,10,No
1007,Travel_Rarely,7,No
1009,Travel_Rarely,17,No
1010,Travel_Rarely,14,Yes
1011,Travel_Frequently,1,No
1012,Non-Travel,5,No
1013,Travel_Rarely,17,No
1014,Travel_Rarely,25,Yes
1015,Travel_Rarely,8,Yes
1016,Travel_Rarely,11,Yes
1017,Travel_Frequently,5,No
1018,Travel_Rarely,2,No
1019,Travel_Rarely,8,No
1022,Travel_Rarely,6,No
1024,Travel_Rarely,4,No
1025,Travel_Rarely,7,No
1026,Travel_Rarely,1,No
1027,Travel_Rarely,2,No
1028,Travel_Rarely,10,No
1029,Travel_Rarely,5,No
1030,Travel_Rarely,9,No
1032,Travel_Rarely,2,Yes
1033,Travel_Rarely,11,No
1034,Travel_Frequently,18,Yes
1035,Non-Travel,7,No
1036,Travel_Rarely,3,Yes
1037,Non-Travel,29,No
1038,Travel_Rarely,2,No
1039,Travel_Rarely,28,Yes
1040,Non-Travel,1,No
1042,Travel_Rarely,16,No
1043,Travel_Frequently,22,Yes
1044,Non-Travel,8,No
1045,Travel_Rarely,11,No
1046,Non-Travel,29,No
1047,Travel_Rarely,1,No
1048,Travel_Rarely,1,Yes
1049,Travel_Rarely,24,No
1050,Travel_Frequently,2,No
1052,Travel_Rarely,15,No
1053,Travel_Frequently,2,Yes
1055,Travel_Rarely,10,Yes
1056,Travel_Rarely,10,No
1060,Travel_Frequently,3,No
1061,Travel_Rarely,2,Yes
1062,Travel_Rarely,3,No
1066,Travel_Rarely,26,No
1068,Travel_Frequently,1,No
1069,Travel_Rarely,1,No
1070,Travel_Rarely,2,No
1071,Travel_Frequently,9,No
1073,Travel_Rarely,12,No
1074,Non-Travel,2,No
1076,Travel_Rarely,25,No
1077,Travel_Frequently,9,Yes
1079,Travel_Rarely,10,No
1080,Travel_Rarely,8,Yes
1081,Travel_Rarely,4,Yes
1082,Non-Travel,24,No
1083,Travel_Rarely,1,No
1084,Travel_Rarely,20,No
1085,Travel_Rarely,7,No
1088,Travel_Rarely,17,No
1092,Travel_Rarely,20,No
1094,Non-Travel,8,No
1096,Travel_Frequently,2,No
1097,Travel_Rarely,10,No
1098,Travel_Rarely,1,No
1099,Travel_Rarely,5,No
1100,Travel_Rarely,4,Yes
1101,Travel_Frequently,29,No
1102,Travel_Rarely,15,No
1103,Travel_Frequently,3,No
1105,Travel_Rarely,10,Yes
1106,Travel_Rarely,4,Yes
1107,Travel_Rarely,21,No
1108,Travel_Rarely,25,Yes
1109,Travel_Rarely,2,No
1111,Travel_Frequently,1,No
1113,Travel_Frequently,1,Yes
1114,Travel_Frequently,7,No
1115,Non-Travel,3,No
1116,Non-Travel,1,No
1117,Non-Travel,9,No
1118,Travel_Rarely,7,No
1119,Travel_Rarely,10,Yes
1120,Travel_Rarely,28,No
1121,Travel_Rarely,3,No
1124,Travel_Rarely,3,No
1125,Travel_Rarely,2,No
1126,Travel_Frequently,27,No
1127,Travel_Frequently,2,No
1128,Travel_Rarely,14,No
1131,Travel_Rarely,1,Yes
1132,Non-Travel,9,No
1133,Non-Travel,18,No
1135,Travel_Frequently,20,No
1136,Travel_Rarely,2,No
1137,Travel_Frequently,11,No
1138,Travel_Rarely,8,No
1140,Travel_Frequently,2,No
1143,Travel_Frequently,10,No
1148,Travel_Rarely,29,No
1150,Travel_Rarely,8,Yes
1152,Travel_Rarely,1,No
1154,Travel_Frequently,6,Yes
1156,Non-Travel,8,No
1157,Travel_Rarely,9,Yes
1158,Travel_Rarely,12,Yes
1160,Travel_Frequently,15,No
1161,Travel_Rarely,25,No
1162,Travel_Rarely,6,No
1163,Travel_Rarely,9,No
1164,Travel_Rarely,8,No
1165,Travel_Rarely,23,No
1166,Travel_Frequently,9,No
1167,Travel_Frequently,12,Yes
1171,Travel_Rarely,4,No
1172,Travel_Rarely,1,No
1173,Travel_Rarely,24,No
1175,Travel_Rarely,12,Yes
1177,Travel_Rarely,3,No
1179,Travel_Rarely,10,No
1180,Travel_Frequently,26,Yes
1182,Travel_Rarely,2,No
1184,Travel_Frequently,1,No
1185,Travel_Frequently,4,No
1188,Travel_Rarely,9,No
1190,Non-Travel,2,No
1191,Travel_Rarely,4,No
1192,Travel_Rarely,6,No
1193,Travel_Rarely,9,No
1195,Travel_Rarely,7,Yes
1196,Travel_Rarely,1,No
1198,Travel_Rarely,3,No
1200,Travel_Rarely,10,Yes
1201,Travel_Rarely,7,No
1202,Travel_Rarely,15,Yes
1203,Travel_Frequently,3,Yes
1204,Travel_Rarely,2,No
1206,Non-Travel,17,No
1207,Travel_Rarely,2,No
1210,Non-Travel,5,No
1211,Travel_Rarely,29,No
1212,Travel_Frequently,2,No
1215,Travel_Frequently,2,No
1216,Travel_Rarely,19,No
1217,Travel_Rarely,15,No
1218,Travel_Rarely,17,Yes
1219,Travel_Rarely,17,No
1220,Travel_Frequently,25,No
1221,Travel_Rarely,6,No
1224,Travel_Rarely,7,No
1225,Travel_Rarely,29,No
1226,Travel_Rarely,21,No
1228,Travel_Rarely,2,No
1231,Non-Travel,2,No
1233,Travel_Rarely,7,Yes
1234,Travel_Frequently,13,No
1235,Travel_Frequently,2,Yes
1237,Travel_Rarely,1,Yes
1238,Travel_Rarely,9,No
1239,Travel_Rarely,10,No
1240,Travel_Rarely,10,No
1241,Travel_Rarely,1,Yes
1242,Travel_Frequently,26,Yes
1243,Non-Travel,8,Yes
1244,Travel_Rarely,14,Yes
1245,Travel_Frequently,1,No
1246,Travel_Rarely,2,No
1248,Non-Travel,10,Yes
1249,Travel_Rarely,1,No
1250,Travel_Rarely,3,No
1251,Travel_Rarely,11,Yes
1252,Travel_Rarely,24,No
1254,Travel_Rarely,3,No
1255,Travel_Rarely,3,No
1256,Travel_Rarely,4,No
1257,Travel_Frequently,3,No
1258,Travel_Rarely,2,No
1259,Travel_Rarely,4,No
1260,Travel_Rarely,7,Yes
1263,Travel_Rarely,1,No
1264,Travel_Rarely,1,No
1265,Travel_Rarely,20,No
1267,Travel_Rarely,5,No
1268,Travel_Rarely,10,Yes
1269,Travel_Rarely,25,Yes
1270,Travel_Rarely,1,No
1273,Travel_Frequently,24,Yes
1275,Travel_Rarely,4,Yes
1277,Travel_Rarely,2,Yes
1278,Non-Travel,8,Yes
1279,Travel_Frequently,10,No
1280,Travel_Rarely,4,No
1281,Travel_Rarely,2,Yes
1282,Travel_Frequently,9,Yes
1283,Travel_Rarely,18,No
1285,Travel_Frequently,19,No
1286,Travel_Frequently,1,Yes
1288,Travel_Rarely,4,No
1289,Travel_Frequently,11,No
1291,Travel_Rarely,6,Yes
1292,Travel_Rarely,7,Yes
1293,Travel_Rarely,4,No
1294,Travel_Rarely,2,Yes
1295,Travel_Rarely,15,No
1296,Travel_Frequently,2,Yes
1297,Travel_Frequently,6,No
1298,Non-Travel,9,Yes
1299,Travel_Rarely,7,Yes
1301,Travel_Rarely,1,No
1303,Travel_Rarely,1,No
1304,Travel_Rarely,8,No
1306,Travel_Frequently,25,No
1307,Travel_Rarely,13,Yes
1308,Travel_Rarely,23,No
1309,Travel_Rarely,7,No
1310,Travel_Rarely,23,No
1311,Travel_Rarely,6,No
1312,Travel_Rarely,10,No
1314,Travel_Rarely,1,No
1315,Non-Travel,1,No
1317,Travel_Rarely,28,Yes
1318,Travel_Rarely,25,Yes
1319,Travel_Rarely,5,Yes
1321,Travel_Rarely,17,Yes
1322,Travel_Rarely,18,No
1324,Non-Travel,2,Yes
1329,Non-Travel,10,No
1331,Travel_Frequently,1,Yes
1333,Travel_Rarely,3,No
1334,Non-Travel,2,Yes
1336,Travel_Rarely,2,No
1338,Travel_Rarely,8,No
1340,Non-Travel,16,No
1344,Travel_Rarely,9,No
1346,Travel_Rarely,2,No
1349,Travel_Frequently,1,No
1350,Travel_Frequently,4,Yes
1352,Travel_Rarely,5,Yes
1355,Travel_Rarely,2,No
1356,Travel_Rarely,15,No
1358,Travel_Rarely,19,No
1360,Travel_Rarely,7,Yes
1361,Travel_Rarely,1,No
1362,Travel_Frequently,7,No
1363,Travel_Rarely,4,No
1364,Travel_Rarely,11,No
1367,Travel_Rarely,11,No
1368,Non-Travel,1,No
1369,Travel_Rarely,1,No
1371,Travel_Frequently,2,No
1372,Travel_Rarely,13,Yes
1373,Travel_Rarely,23,Yes
1374,Non-Travel,26,No
1375,Travel_Rarely,2,No
1377,Travel_Rarely,29,No
1379,Travel_Frequently,2,No
1380,Travel_Frequently,18,Yes
1382,Travel_Frequently,7,No
1383,Travel_Rarely,2,No
1387,Travel_Rarely,26,No
1389,Travel_Rarely,22,Yes
1390,Travel_Rarely,21,Yes
1391,Travel_Frequently,2,No
1392,Travel_Frequently,22,Yes
1394,Travel_Rarely,4,Yes
1395,Travel_Frequently,5,No
1396,Travel_Rarely,2,Yes
1397,Non-Travel,25,No
1399,Travel_Rarely,18,No
1401,Travel_Frequently,28,Yes
1402,Travel_Rarely,6,Yes
1403,Travel_Rarely,10,Yes
1405,Travel_Rarely,17,Yes
1407,Travel_Rarely,2,No
1408,Travel_Rarely,10,No
1409,Travel_Rarely,8,No
1411,Travel_Rarely,11,No
1412,Travel_Frequently,18,No
1415,Travel_Rarely,1,No
1417,Travel_Rarely,7,No
1419,Travel_Rarely,17,No
1420,Travel_Frequently,28,No
1421,Travel_Frequently,14,Yes
1422,Travel_Rarely,1,No
1423,Travel_Rarely,1,Yes
1424,Travel_Rarely,1,No
1425,Travel_Rarely,3,Yes
1427,Travel_Frequently,1,No
1428,Travel_Rarely,7,No
1430,Travel_Rarely,8,No
1431,Travel_Frequently,1,No
1433,Travel_Rarely,8,No
1434,Travel_Rarely,11,No
1435,Travel_Rarely,4,No
1436,Travel_Rarely,16,No
1438,Travel_Rarely,1,No
1439,Travel_Rarely,9,No
1440,Non-Travel,5,No
1441,Travel_Rarely,1,No
1443,Travel_Rarely,2,No
1445,Travel_Rarely,4,Yes
1446,Travel_Rarely,7,No
1447,Travel_Rarely,1,No
1448,Travel_Rarely,5,Yes
1449,Non-Travel,9,No
1453,Travel_Rarely,8,No
1457,Travel_Rarely,9,No
1458,Non-Travel,2,Yes
1459,Travel_Frequently,1,No
1460,Travel_Rarely,20,Yes
1461,Travel_Rarely,8,No
1464,Travel_Frequently,2,Yes
1465,Travel_Rarely,29,Yes
1466,Travel_Rarely,7,No
1467,Travel_Rarely,9,No
1468,Non-Travel,8,No
1469,Travel_Rarely,5,No
1471,Non-Travel,5,No
1472,Travel_Rarely,2,No
1473,Travel_Rarely,5,No
1474,Travel_Rarely,2,No
1475,Travel_Rarely,20,No
1477,Travel_Frequently,7,No
1478,Travel_Rarely,3,No
1479,Travel_Rarely,16,No
1480,Travel_Frequently,9,No
1481,Travel_Frequently,1,No
1482,Non-Travel,7,No
1483,Travel_Rarely,1,No
1484,Travel_Rarely,7,No
1485,Travel_Frequently,15,No
1486,Travel_Frequently,1,No
1487,Travel_Frequently,13,No
1489,Travel_Rarely,24,Yes
1492,Travel_Rarely,7,No
1494,Travel_Frequently,9,Yes
1495,Non-Travel,13,No
1496,Travel_Frequently,2,Yes
1497,Travel_Rarely,19,No
1499,Travel_Rarely,1,No
1501,Travel_Rarely,4,Yes
1502,Travel_Rarely,4,No
1503,Travel_Rarely,14,Yes
1504,Travel_Frequently,2,No
1506,Travel_Rarely,1,No
1507,Travel_Frequently,7,No
1509,Travel_Rarely,3,No
1513,Travel_Frequently,2,No
1514,Travel_Rarely,29,No
1515,Travel_Rarely,8,Yes
1516,Travel_Rarely,10,No
1520,Travel_Frequently,11,No
1522,Travel_Rarely,1,No
1523,Travel_Rarely,28,No
1525,Travel_Rarely,6,No
1527,Travel_Rarely,3,No
1529,Travel_Rarely,16,No
1533,Travel_Rarely,20,No
1534,Travel_Rarely,9,No
1535,Travel_Rarely,1,Yes
1537,Travel_Frequently,3,No
1539,Travel_Frequently,22,Yes
1541,Travel_Rarely,7,Yes
1542,Travel_Rarely,2,No
1543,Travel_Rarely,13,No
1544,Travel_Rarely,8,No
1545,Travel_Rarely,25,No
1546,Travel_Rarely,28,No
1547,Travel_Frequently,2,Yes
1548,Travel_Rarely,9,No
1549,Travel_Rarely,28,Yes
1550,Travel_Rarely,6,Yes
1551,Travel_Rarely,21,No
1552,Non-Travel,8,Yes
1553,Travel_Rarely,1,No
1554,Travel_Rarely,28,No
1555,Travel_Rarely,5,No
1556,Travel_Rarely,2,Yes
1557,Travel_Rarely,16,No
1558,Travel_Rarely,9,No
1560,Travel_Rarely,8,No
1562,Travel_Rarely,1,No
1563,Travel_Frequently,10,No
1564,Travel_Rarely,1,No
1568,Travel_Rarely,29,No
1569,Travel_Rarely,2,Yes
1572,Travel_Rarely,2,No
1573,Travel_Rarely,2,No
1574,Non-Travel,1,No
1576,Travel_Rarely,15,No
1577,Travel_Rarely,7,No
1578,Travel_Rarely,26,No
1580,Travel_Rarely,1,No
1581,Travel_Rarely,3,No
1582,Travel_Rarely,14,No
1583,Travel_Rarely,16,No
1585,Travel_Rarely,1,No
1586,Travel_Rarely,3,Yes
1587,Travel_Rarely,10,Yes
1588,Travel_Rarely,6,No
1590,Travel_Frequently,2,No
1591,Travel_Rarely,9,Yes
1592,Travel_Rarely,10,No
1594,Travel_Frequently,6,Yes
1595,Travel_Rarely,9,No
1596,Travel_Rarely,28,No
1597,Travel_Frequently,10,No
1598,Travel_Rarely,14,No
1599,Travel_Rarely,27,No
1601,Travel_Rarely,7,No
1602,Travel_Rarely,1,No
1604,Travel_Rarely,24,Yes
1605,Non-Travel,26,Yes
1606,Travel_Frequently,20,Yes
1607,Travel_Rarely,5,No
1608,Travel_Rarely,7,Yes
1609,Travel_Rarely,7,No
1611,Travel_Rarely,5,Yes
1612,Non-Travel,26,No
1613,Travel_Frequently,2,No
1614,Travel_Rarely,12,Yes
1615,Travel_Frequently,10,No
1617,Travel_Rarely,25,No
1618,Travel_Rarely,10,No
1619,Travel_Rarely,19,No
1621,Travel_Rarely,18,No
1622,Travel_Rarely,27,No
1623,Travel_Rarely,5,No
1624,Travel_Frequently,3,Yes
1625,Travel_Rarely,26,No
1627,Travel_Rarely,3,No
1628,Travel_Rarely,15,No
1630,Non-Travel,8,No
1631,Travel_Rarely,19,No
1633,Travel_Frequently,4,No
1635,Travel_Rarely,2,No
1638,Travel_Rarely,2,Yes
1639,Travel_Rarely,10,No
1640,Travel_Rarely,10,No
1641,Travel_Rarely,16,Yes
1642,Travel_Frequently,1,Yes
1644,Travel_Frequently,4,No
1645,Travel_Rarely,15,Yes
1646,Travel_Frequently,2,Yes
1647,Travel_Rarely,8,No
1648,Travel_Frequently,2,No
1649,Travel_Rarely,7,Yes
1650,Travel_Rarely,10,No
1651,Travel_Rarely,5,No
1653,Travel_Frequently,2,No
1654,Travel_Rarely,12,No
1655,Travel_Rarely,22,No
1656,Travel_Rarely,17,No
1657,Travel_Rarely,2,No
1658,Travel_Rarely,3,No
1659,Travel_Rarely,7,No
1661,Travel_Rarely,6,Yes
1662,Non-Travel,1,No
1664,Travel_Rarely,3,No
1665,Travel_Rarely,22,No
1666,Travel_Rarely,15,No
1667,Travel_Frequently,12,Yes
1668,Travel_Frequently,1,No
1669,Travel_Rarely,5,Yes
1670,Travel_Rarely,2,No
1671,Travel_Rarely,2,No
1673,Travel_Rarely,5,No
1674,Travel_Rarely,16,Yes
1675,Travel_Frequently,2,No
1676,Travel_Rarely,2,No
1677,Travel_Rarely,1,No
1678,Travel_Rarely,23,Yes
1680,Travel_Rarely,9,No
1681,Non-Travel,16,Yes
1682,Travel_Rarely,26,No
1683,Travel_Rarely,1,Yes
1684,Travel_Rarely,8,Yes
1687,Travel_Rarely,4,No
1689,Travel_Rarely,24,No
1691,Travel_Frequently,7,Yes
1692,Travel_Rarely,2,No
1693,Non-Travel,7,No
1694,Travel_Rarely,22,No
1696,Travel_Rarely,5,No
1697,Travel_Rarely,1,No
1698,Travel_Rarely,21,No
1700,Travel_Frequently,1,No
1701,Travel_Rarely,19,No
1702,Travel_Rarely,7,Yes
1703,Travel_Rarely,2,Yes
1704,Travel_Frequently,2,Yes
1706,Travel_Rarely,2,Yes
1707,Travel_Rarely,9,No
1708,Travel_Rarely,6,No
1709,Travel_Rarely,9,No
1710,Travel_Rarely,2,No
1712,Non-Travel,1,No
1714,Travel_Rarely,22,No
1716,Travel_Frequently,9,No
1718,Travel_Rarely,17,No
1719,Travel_Rarely,28,No
1720,Travel_Frequently,10,No
1721,Travel_Rarely,2,No
1722,Non-Travel,4,No
1724,Travel_Rarely,8,Yes
1725,Travel_Rarely,29,No
1727,Travel_Rarely,13,No
1728,Travel_Rarely,27,No
1729,Travel_Rarely,16,No
1731,Non-Travel,2,No
1732,Travel_Rarely,2,Yes
1733,Travel_Rarely,13,Yes
1734,Travel_Rarely,1,No
1735,Travel_Rarely,4,No
1736,Travel_Frequently,24,No
1737,Non-Travel,1,Yes
1739,Travel_Rarely,19,No
1740,Travel_Rarely,7,No
1744,Travel_Rarely,4,No
1745,Travel_Frequently,2,No
1746,Travel_Frequently,10,No
1747,Travel_Frequently,8,No
1749,Travel_Rarely,5,No
1751,Travel_Rarely,8,No
1752,Travel_Rarely,9,No
1753,Travel_Frequently,1,Yes
1754,Travel_Rarely,15,No
1755,Travel_Rarely,2,Yes
1756,Non-Travel,2,No
1757,Travel_Rarely,11,No
1758,Travel_Rarely,16,Yes
1760,Travel_Frequently,2,No
1761,Travel_Rarely,16,No
1762,Travel_Rarely,4,No
1763,Travel_Rarely,16,No
1764,Non-Travel,5,No
1766,Travel_Rarely,18,Yes
1767,Travel_Frequently,17,Yes
1768,Travel_Rarely,12,No
1770,Travel_Rarely,2,No
1771,Non-Travel,4,No
1772,Travel_Rarely,9,No
1774,Non-Travel,10,Yes
1775,Non-Travel,1,Yes
1778,Travel_Rarely,2,No
1779,Travel_Rarely,3,No
1780,Travel_Rarely,7,No
1782,Travel_Rarely,6,No
1783,Travel_Rarely,8,Yes
1784,Travel_Rarely,29,No
1786,Travel_Rarely,3,No
1787,Travel_Rarely,9,No
1789,Travel_Rarely,2,Yes
1790,Travel_Rarely,10,Yes
1792,Travel_Frequently,1,Yes
1794,Travel_Rarely,8,No
1797,Travel_Rarely,27,Yes
1798,Travel_Rarely,8,No
1799,Travel_Rarely,1,No
1800,Travel_Rarely,10,No
1801,Non-Travel,26,No
1802,Travel_Rarely,2,No
1803,Travel_Rarely,13,No
1804,Non-Travel,2,No
1805,Non-Travel,2,No
1807,Travel_Frequently,9,No
1809,Travel_Rarely,10,No
1812,Travel_Frequently,20,No
1813,Non-Travel,9,No
1814,Travel_Rarely,5,No
1815,Travel_Rarely,4,Yes
1816,Travel_Rarely,10,No
1818,Travel_Rarely,20,Yes
1821,Travel_Rarely,21,No
1822,Travel_Rarely,1,No
1823,Travel_Rarely,8,No
1824,Non-Travel,2,No
1826,Travel_Rarely,23,No
1827,Travel_Rarely,4,Yes
1829,Travel_Rarely,12,No
1830,Travel_Rarely,7,No
1833,Travel_Frequently,7,No
1834,Travel_Rarely,1,No
1835,Travel_Rarely,2,Yes
1836,Travel_Rarely,10,No
1837,Travel_Frequently,15,Yes
1839,Non-Travel,14,No
1842,Travel_Rarely,18,No
1844,Travel_Rarely,13,Yes
1845,Non-Travel,2,No
1847,Travel_Rarely,2,Yes
1849,Travel_Frequently,2,No
1850,Travel_Frequently,5,Yes
1852,Travel_Frequently,20,No
1853,Travel_Frequently,10,No
1854,Non-Travel,10,No
1856,Travel_Rarely,9,No
1857,Travel_Rarely,2,No
1858,Non-Travel,1,No
1859,Travel_Rarely,29,No
1860,Travel_Rarely,8,No
1862,Travel_Rarely,2,Yes
1863,Travel_Rarely,3,No
1864,Travel_Rarely,23,No
1865,Travel_Rarely,6,No
1866,Travel_Rarely,6,No
1867,Travel_Rarely,10,No
1868,Travel_Frequently,24,Yes
1869,Travel_Rarely,10,No
1870,Travel_Frequently,15,No
1871,Travel_Rarely,19,No
1873,Travel_Rarely,2,No
1875,Travel_Rarely,3,No
1876,Travel_Rarely,9,No
1878,Travel_Rarely,7,Yes
1880,Travel_Rarely,10,Yes
1881,Travel_Rarely,20,No
1882,Travel_Rarely,4,Yes
1883,Travel_Rarely,7,No
1885,Travel_Rarely,7,Yes
1886,Travel_Rarely,16,Yes
1888,Travel_Rarely,25,No
1890,Travel_Frequently,2,No
1892,Travel_Rarely,1,No
1893,Travel_Rarely,1,Yes
1898,Travel_Rarely,2,No
1900,Travel_Frequently,22,No
1903,Travel_Rarely,1,No
1905,Non-Travel,16,Yes
1907,Travel_Rarely,24,No
1908,Travel_Rarely,17,No
1909,Travel_Rarely,8,No
1911,Travel_Rarely,6,No
1912,Travel_Rarely,10,Yes
1915,Travel_Rarely,3,Yes
1916,Travel_Rarely,4,No
1918,Travel_Frequently,6,No
1922,Travel_Frequently,1,No
1924,Travel_Rarely,10,No
1927,Travel_Frequently,1,Yes
1928,Travel_Frequently,24,No
1929,Non-Travel,21,No
1931,Travel_Rarely,2,No
1932,Travel_Frequently,22,Yes
1933,Travel_Rarely,13,Yes
1934,Non-Travel,14,No
1935,Travel_Rarely,11,No
1936,Travel_Rarely,9,No
1937,Travel_Frequently,8,Yes
1938,Travel_Rarely,21,Yes
1939,Travel_Frequently,5,Yes
1940,Travel_Rarely,9,No
1941,Travel_Frequently,2,No
1943,Travel_Rarely,12,Yes
1944,Travel_Frequently,22,No
1945,Travel_Rarely,18,No
1947,Non-Travel,16,No
1948,Non-Travel,3,Yes
1949,Non-Travel,9,No
1950,Travel_Rarely,1,No
1951,Travel_Rarely,13,No
1952,Travel_Rarely,1,No
1954,Travel_Rarely,1,No
1955,Non-Travel,15,No
1956,Travel_Frequently,1,No
1960,Travel_Rarely,17,No
1961,Travel_Rarely,1,No
1962,Travel_Rarely,7,Yes
1965,Travel_Rarely,9,No
1966,Travel_Rarely,5,No
1967,Travel_Frequently,26,Yes
1968,Travel_Rarely,24,Yes
1969,Travel_Rarely,9,No
1970,Travel_Frequently,7,No
1971,Travel_Rarely,11,No
1972,Travel_Frequently,1,Yes
1973,Travel_Rarely,26,Yes
1974,Travel_Rarely,2,Yes
1975,Travel_Rarely,15,No
1976,Non-Travel,23,No
1979,Non-Travel,10,No
1980,Travel_Rarely,10,Yes
1981,Travel_Rarely,1,No
1982,Travel_Rarely,12,No
1985,Travel_Frequently,11,No
1986,Travel_Rarely,2,No
1987,Travel_Rarely,2,No
1989,Travel_Rarely,1,No
1992,Travel_Rarely,2,Yes
1993,Travel_Rarely,25,No
1994,Non-Travel,1,No
1995,Travel_Rarely,1,No
1996,Travel_Rarely,2,No
1997,Travel_Frequently,6,No
1998,Travel_Rarely,18,Yes
1999,Travel_Rarely,1,No
2000,Non-Travel,1,No
2003,Travel_Rarely,11,Yes
2007,Travel_Rarely,1,No
2008,Travel_Rarely,9,No
2009,Travel_Rarely,15,Yes
2010,Travel_Rarely,29,No
2012,Travel_Rarely,1,No
2013,Travel_Rarely,1,No
2014,Travel_Rarely,24,No
2015,Travel_Rarely,10,No
2016,Travel_Rarely,1,No
2017,Travel_Rarely,10,Yes
2018,Travel_Rarely,8,Yes
2019,Non-Travel,29,No
2020,Travel_Rarely,1,Yes
2021,Travel_Rarely,5,Yes
2022,Non-Travel,9,No
2023,Travel_Frequently,9,No
2024,Travel_Rarely,3,No
2025,Travel_Frequently,4,No
2026,Non-Travel,1,No
2027,Travel_Rarely,1,Yes
2031,Travel_Rarely,2,No
2032,Travel_Rarely,7,No
2034,Travel_Rarely,28,No
2035,Travel_Rarely,28,No
2036,Non-Travel,15,No
2037,Travel_Rarely,3,No
2038,Travel_Rarely,2,No
2040,Travel_Rarely,26,Yes
2041,Travel_Rarely,10,No
2044,Travel_Frequently,1,No
2045,Travel_Rarely,11,No
2046,Travel_Rarely,20,No
2048,Travel_Rarely,2,No
2049,Travel_Frequently,18,Yes
2051,Travel_Rarely,2,No
2052,Travel_Rarely,1,No
2053,Travel_Rarely,13,Yes
2054,Travel_Rarely,28,No
2055,Travel_Rarely,28,Yes
2056,Travel_Rarely,24,No
2057,Non-Travel,5,No
2060,Travel_Rarely,5,No
2061,Travel_Frequently,23,No
2062,Travel_Rarely,6,No
2064,Travel_Rarely,4,Yes
2065,Travel_Frequently,2,No
2068,Travel_Rarely,8,No
