EmployeeNumber,Age,Gender,MaritalStatus,Department
1,41,Female,Single,Sales
2,49,Male,Married,Research & Development
4,37,Male,Single,Research & Development
5,33,Female,Married,Research & Development
7,27,Male,Married,Research & Development
8,32,Male,Single,Research & Development
10,59,Female,Married,Research & Development
11,30,Male,Divorced,Research & Development
12,38,Male,Single,Research & Development
13,36,Male,Married,Research & Development
14,35,Male,Married,Research & Development
15,29,Female,Single,Research & Development
16,31,Male,Divorced,Research & Development
18,34,Male,Divorced,Research & Development
19,28,Male,Single,Research & Development
20,29,Female,Divorced,Research & Development
21,32,Male,Divorced,Research & Development
22,22,Male,Divorced,Research & Development
23,53,Female,Married,Sales
24,38,Male,Single,Research & Development
26,24,Female,Divorced,Research & Development
27,36,Male,Single,Sales
28,34,Female,Single,Research & Development
30,21,Male,Single,Research & Development
31,34,Male,Single,Research & Development
32,53,Female,Divorced,Research & Development
33,32,Female,Single,Research & Development
35,42,Male,Married,Sales
36,44,Female,Married,Research & Development
38,46,Female,Single,Sales
39,33,Male,Single,Research & Development
40,44,Male,Married,Research & Development
41,30,Male,Single,Research & Development
42,39,Male,Married,Sales
45,24,Male,Married,Research & Development
46,43,Female,Divorced,Research & Development
47,50,Male,Married,Sales
49,35,Female,Married,Sales
51,36,Female,Married,Research & Development
52,33,Female,Married,Sales
53,35,Male,Divorced,Research & Development
54,27,Female,Divorced,Research & Development
55,26,Male,Single,Research & Development
56,27,Male,Single,Sales
57,30,Female,Single,Research & Development
58,41,Female,Married,Research & Development
60,34,Male,Single,Sales
61,37,Male,Married,Research & Development
62,46,Male,Single,Sales
63,35,Male,Married,Research & Development
64,48,Male,Single,Research & Development
65,28,Male,Single,Research & Development
68,44,Female,Divorced,Sales
70,35,Male,Married,Research & Development
72,26,Female,Married,Sales
73,33,Female,Single,Research & Development
74,35,Male,Married,Sales
75,35,Female,Married,Research & Development
76,31,Male,Divorced,Research & Development
77,37,Male,Divorced,Research & Development
78,32,Male,Married,Research & Development
79,38,Female,Single,Research & Development
80,50,Female,Divorced,Research & Development
81,59,Female,Single,Sales
83,36,Female,Divorced,Research & Development
84,55,Female,Divorced,Research & Development
85,36,Male,Single,Research & Development
86,45,Male,Divorced,Research & Development
88,35,Male,Married,Research & Development
90,36,Male,Married,Research & Development
91,59,Female,Single,Sales
94,29,Male,Married,Research & Development
95,31,Male,Single,Research & Development
96,32,Male,Married,Research & Development
97,36,Female,Married,Research & Development
98,31,Female,Single,Research & Development
100,35,Male,Single,Sales
101,45,Male,Married,Research & Development
102,37,Male,Single,Research & Development
103,46,Male,Divorced,Human Resources
104,30,Male,Married,Research & Development
105,35,Male,Single,Research & Development
106,55,Male,Married,Sales
107,38,Female,Divorced,Research & Development
110,34,Male,Married,Research & Development
112,56,Male,Single,Research & Development
113,23,Male,Divorced,Sales
116,51,Male,Married,Research & Development
117,30,Male,Married,Research & Development
118,46,Male,Single,Sales
119,40,Male,Married,Research & Development
120,51,Male,Single,Sales
121,30,Female,Divorced,Sales
124,46,Male,Married,Research & Development
125,32,Male,Single,Sales
126,54,Female,Married,Research & Development
128,24,Female,Married,Sales
129,28,Male,Married,Sales
131,58,Male,Single,Sales
132,44,Male,Married,Research & Development
133,37,Male,Divorced,Human Resources
134,32,Male,Single,Research & Development
137,20,Female,Single,Research & Development
138,34,Female,Single,Research & Development
139,37,Male,Divorced,Research & Development
140,59,Female,Married,Human Resources
141,50,Female,Married,Research & Development
142,25,Male,Single,Sales
143,25,Male,Married,Research & Development
144,22,Female,Single,Research & Development
145,51,Female,Single,Research & Development
147,34,Male,Single,Research & Development
148,54,Female,Single,Human Resources
150,24,Male,Married,Research & Development
151,34,Female,Divorced,Research & Development
152,37,Male,Single,Sales
153,34,Female,Single,Research & Development
154,36,Female,Married,Sales
155,36,Female,Divorced,Research & Development
158,43,Male,Married,Sales
159,30,Male,Divorced,Research & Development
160,33,Male,Married,Sales
161,56,Female,Married,Research & Development
162,51,Male,Single,Research & Development
163,31,Male,Married,Sales
164,26,Female,Married,Research & Development
165,58,Female,Married,Research & Development
167,19,Male,Single,Sales
169,22,Male,Married,Research & Development
170,49,Female,Married,Research & Development
171,43,Female,Single,Research & Development
174,50,Female,Single,Sales
175,31,Female,Married,Sales
176,41,Male,Divorced,Sales
177,26,Female,Married,Human Resources
178,36,Male,Divorced,Research & Development
179,51,Male,Single,Research & Development
182,39,Female,Married,Sales
183,25,Male,Married,Sales
184,30,Male,Married,Human Resources
190,32,Female,Single,Research & Development
192,45,Male,Single,Research & Development
193,38,Female,Single,Research & Development
194,30,Female,Single,Research & Development
195,32,Male,Divorced,Sales
197,30,Female,Divorced,Research & Development
198,30,Male,Single,Research & Development
199,41,Male,Divorced,Research & Development
200,41,Male,Married,Research & Development
201,19,Female,Single,Research & Development
202,40,Female,Divorced,Research & Development
204,35,Male,Married,Sales
205,53,Male,Married,Sales
206,45,Male,Divorced,Research & Development
207,32,Female,Single,Sales
208,29,Male,Married,Research & Development
211,51,Male,Married,Research & Development
214,58,Female,Married,Research & Development
215,40,Male,Married,Sales
216,34,Female,Married,Sales
217,22,Male,Married,Research & Development
218,27,Male,Divorced,Research & Development
221,28,Male,Married,Research & Development
223,57,Male,Divorced,Research & Development
224,27,Male,Divorced,Research & Development
226,50,Female,Single,Research & Development
227,41,Male,Divorced,Research & Development
228,30,Female,Married,Sales
230,38,Female,Single,Sales
231,32,Male,Single,Research & Development
233,27,Male,Married,Research & Development
235,19,Female,Single,Sales
238,36,Male,Single,Research & Development
239,30,Male,Divorced,Research & Development
240,45,Female,Divorced,Sales
241,56,Female,Divorced,Research & Development
242,33,Male,Single,Research & Development
243,19,Male,Single,Research & Development
244,46,Female,Divorced,Sales
245,38,Female,Single,Research & Development
246,31,Female,Married,Research & Development
247,34,Female,Single,Research & Development
248,41,Female,Single,Sales
249,50,Male,Married,Research & Development
250,53,Female,Divorced,Research & Development
252,33,Female,Married,Research & Development
253,40,Female,Married,Research & Development
254,55,Male,Single,Research & Development
256,34,Male,Married,Research & Development
258,51,Female,Single,Research & Development
259,52,Male,Married,Research & Development
260,27,Female,Single,Research & Development
261,35,Male,Married,Research & Development
262,43,Male,Divorced,Research & Development
264,45,Male,Married,Research & Development
267,37,Male,Married,Research & Development
269,35,Female,Single,Research & Development
270,42,Female,Divorced,Research & Development
271,38,Male,Married,Research & Development
273,38,Male,Married,Research & Development
274,27,Male,Married,Research & Development
275,49,Male,Divorced,Research & Development
277,34,Male,Divorced,Research & Development
281,40,Male,Married,Research & Development
282,38,Male,Married,Research & Development
283,29,Female,Married,Sales
284,22,Male,Divorced,Research & Development
286,36,Female,Single,Research & Development
287,40,Male,Married,Research & Development
288,46,Male,Divorced,Research & Development
291,32,Male,Married,Sales
292,30,Male,Single,Research & Development
293,27,Female,Single,Sales
296,51,Male,Married,Research & Development
297,30,Female,Single,Research & Development
298,41,Female,Single,Sales
299,30,Female,Single,Sales
300,29,Male,Single,Research & Development
302,45,Female,Single,Sales
303,54,Female,Married,Sales
304,36,Male,Single,Research & Development
305,33,Female,Married,Research & Development
306,37,Male,Divorced,Research & Development
307,38,Male,Divorced,Sales
308,31,Male,Married,Research & Development
309,59,Male,Married,Research & Development
311,37,Male,Divorced,Sales
312,29,Female,Married,Sales
314,35,Female,Single,Sales
315,29,Male,Single,Research & Development
316,52,Female,Single,Research & Development
319,42,Male,Married,Research & Development
321,59,Male,Married,Human Resources
323,50,Female,Divorced,Sales
325,33,Male,Married,Research & Development
327,43,Female,Married,Sales
328,33,Female,Married,Research & Development
329,52,Male,Single,Sales
330,32,Female,Married,Sales
331,32,Male,Single,Research & Development
332,39,Female,Divorced,Research & Development
333,32,Male,Married,Sales
334,41,Male,Divorced,Research & Development
335,40,Male,Divorced,Research & Development
336,45,Male,Married,Research & Development
337,31,Male,Divorced,Research & Development
338,33,Female,Married,Research & Development
339,34,Male,Married,Research & Development
340,37,Female,Married,Research & Development
341,45,Male,Married,Research & Development
342,37,Male,Divorced,Research & Development
343,39,Female,Single,Research & Development
346,29,Male,Single,Research & Development
347,42,Female,Single,Research & Development
349,29,Male,Divorced,Sales
350,25,Female,Married,Research & Development
351,42,Female,Divorced,Research & Development
352,40,Male,Divorced,Research & Development
353,51,Male,Married,Research & Development
355,31,Male,Single,Research & Development
359,32,Male,Married,Research & Development
361,38,Male,Married,Sales
362,32,Male,Single,Research & Development
363,46,Female,Married,Sales
364,28,Male,Single,Research & Development
366,29,Male,Married,Sales
367,31,Male,Married,Research & Development
369,25,Male,Divorced,Research & Development
372,45,Male,Married,Research & Development
373,36,Male,Married,Research & Development
374,55,Male,Single,Research & Development
376,47,Male,Married,Research & Development
377,28,Male,Married,Research & Development
378,37,Male,Married,Sales
379,21,Male,Single,Research & Development
380,37,Female,Divorced,Research & Development
381,35,Female,Divorced,Research & Development
382,38,Female,Divorced,Sales
384,26,Female,Divorced,Research & Development
385,50,Male,Divorced,Research & Development
386,53,Male,Married,Research & Development
387,42,Male,Married,Sales
388,29,Male,Single,Sales
389,55,Male,Married,Research & Development
390,26,Male,Married,Research & Development
391,37,Female,Single,Research & Development
392,44,Male,Divorced,Research & Development
393,38,Male,Divorced,Research & Development
394,26,Male,Divorced,Research & Development
395,28,Female,Single,Research & Development
396,49,Female,Single,Research & Development
397,36,Male,Single,Research & Development
399,31,Female,Divorced,Sales
401,26,Male,Single,Sales
403,37,Male,Married,Research & Development
404,42,Female,Married,Sales
405,18,Male,Single,Research & Development
406,35,Male,Married,Sales
407,36,Male,Married,Research & Development
408,51,Male,Divorced,Research & Development
410,41,Male,Single,Sales
411,18,Female,Single,Sales
412,28,Male,Single,Research & Development
416,31,Male,Married,Sales
417,39,Male,Divorced,Research & Development
419,36,Female,Married,Research & Development
420,32,Male,Married,Sales
421,38,Female,Married,Research & Development
422,58,Male,Divorced,Research & Development
423,31,Male,Married,Research & Development
424,31,Male,Married,Human Resources
425,45,Male,Divorced,Research & Development
426,31,Male,Divorced,Research & Development
428,33,Female,Married,Research & Development
429,39,Male,Married,Research & Development
430,43,Female,Single,Research & Development
431,49,Female,Single,Research & Development
433,52,Male,Married,Research & Development
434,27,Female,Single,Research & Development
436,32,Female,Married,Sales
437,27,Male,Single,Sales
438,31,Male,Divorced,Sales
439,32,Female,Single,Research & Development
440,28,Male,Married,Research & Development
441,30,Female,Married,Research & Development
442,31,Female,Married,Research & Development
444,39,Male,Married,Research & Development
445,39,Female,Married,Sales
446,33,Male,Single,Sales
447,47,Male,Married,Research & Development
448,43,Female,Divorced,Research & Development
449,27,Male,Married,Sales
450,54,Female,Single,Research & Development
451,43,Female,Married,Research & Development
452,45,Male,Married,Research & Development
453,40,Male,Married,Sales
454,29,Male,Married,Research & Development
455,29,Male,Single,Research & Development
456,30,Female,Divorced,Sales
458,27,Female,Married,Sales
460,37,Male,Divorced,Research & Development
461,38,Male,Divorced,Research & Development
462,31,Female,Single,Research & Development
463,29,Female,Divorced,Sales
464,35,Male,Single,Research & Development
465,23,Male,Divorced,Research & Development
466,41,Male,Single,Research & Development
467,47,Male,Single,Sales
468,42,Female,Single,Research & Development
469,29,Male,Married,Sales
470,42,Male,Divorced,Human Resources
471,32,Female,Married,Research & Development
473,48,Female,Married,Sales
474,37,Male,Divorced,Research & Development
475,30,Female,Married,Sales
476,26,Male,Married,Sales
477,42,Male,Single,Research & Development
478,21,Female,Single,Sales
479,36,Female,Single,Sales
481,36,Male,Married,Sales
482,57,Male,Married,Research & Development
483,40,Female,Married,Research & Development
484,21,Male,Single,Sales
485,33,Female,Single,Sales
486,37,Female,Married,Research & Development
487,46,Female,Married,Research & Development
488,41,Male,Single,Sales
491,50,Male,Single,Research & Development
492,40,Male,Married,Sales
493,31,Male,Single,Research & Development
494,21,Female,Single,Sales
495,29,Male,Single,Research & Development
496,35,Male,Single,Research & Development
497,27,Male,Divorced,Research & Development
498,28,Male,Single,Sales
499,49,Male,Single,Research & Development
500,51,Female,Married,Sales
501,36,Female,Married,Research & Development
502,34,Male,Single,Sales
505,55,Female,Single,Research & Development
507,24,Female,Divorced,Sales
508,30,Male,Married,Sales
510,26,Male,Single,Research & Development
511,22,Female,Married,Research & Development
513,36,Male,Married,Sales
514,30,Male,Single,Research & Development
515,37,Female,Divorced,Research & Development
516,40,Female,Divorced,Sales
517,42,Female,Divorced,Research & Development
518,37,Male,Single,Research & Development
520,43,Male,Divorced,Research & Development
521,40,Female,Married,Research & Development
522,54,Male,Married,Research & Development
523,34,Female,Married,Sales
524,31,Female,Married,Research & Development
525,43,Male,Married,Research & Development
526,43,Female,Divorced,Research & Development
527,25,Female,Single,Sales
529,37,Female,Married,Research & Development
530,31,Male,Married,Research & Development
531,39,Male,Divorced,Research & Development
532,56,Female,Married,Sales
533,30,Female,Single,Sales
534,41,Male,Married,Sales
536,28,Male,Divorced,Research & Development
538,25,Male,Married,Research & Development
543,52,Male,Married,Research & Development
544,45,Male,Married,Research & Development
546,52,Female,Married,Research & Development
547,42,Female,Divorced,Research & Development
548,30,Female,Single,Research & Development
549,60,Female,Married,Research & Development
550,46,Female,Divorced,Research & Development
551,42,Female,Married,Research & Development
554,24,Female,Single,Sales
555,34,Female,Divorced,Sales
556,38,Male,Married,Research & Development
558,40,Female,Married,Sales
560,26,Female,Divorced,Research & Development
562,30,Male,Married,Research & Development
564,29,Male,Married,Research & Development
565,29,Female,Married,Research & Development
566,19,Male,Single,Human Resources
567,30,Female,Married,Sales
568,57,Male,Divorced,Sales
569,50,Male,Married,Research & Development
571,30,Female,Single,Research & Development
573,60,Female,Married,Sales
574,47,Female,Divorced,Research & Development
575,46,Male,Married,Research & Development
577,35,Male,Single,Research & Development
578,54,Female,Single,Research & Development
579,34,Male,Divorced,Research & Development
580,46,Female,Married,Sales
581,31,Male,Divorced,Research & Development
582,33,Male,Married,Research & Development
584,33,Male,Divorced,Research & Development
585,30,Male,Single,Sales
586,35,Male,Married,Research & Development
587,31,Male,Married,Research & Development
590,34,Female,Divorced,Human Resources
591,42,Male,Married,Research & Development
592,36,Male,Single,Sales
593,22,Male,Single,Research & Development
595,48,Female,Married,Sales
597,55,Female,Single,Sales
599,41,Male,Single,Sales
600,35,Male,Married,Sales
601,40,Female,Single,Research & Development
602,39,Female,Married,Research & Development
604,31,Male,Single,Sales
605,42,Male,Married,Research & Development
606,45,Male,Married,Sales
608,26,Female,Divorced,Human Resources
611,29,Male,Divorced,Research & Development
612,33,Female,Divorced,Research & Development
613,31,Male,Divorced,Sales
614,18,Male,Single,Sales
615,40,Male,Divorced,Sales
616,41,Female,Single,Research & Development
618,26,Male,Divorced,Sales
620,35,Female,Single,Sales
621,34,Male,Single,Sales
622,26,Male,Single,Research & Development
623,37,Female,Single,Research & Development
624,46,Female,Married,Research & Development
625,41,Female,Married,Sales
626,37,Male,Divorced,Sales
630,52,Male,Divorced,Research & Development
631,32,Male,Married,Sales
632,24,Male,Married,Sales
634,38,Female,Married,Research & Development
635,37,Female,Married,Research & Development
638,49,Male,Divorced,Research & Development
639,24,Male,Married,Research & Development
641,26,Male,Married,Sales
643,24,Male,Married,Research & Development
644,50,Male,Married,Human Resources
645,25,Male,Married,Sales
647,24,Female,Married,Research & Development
648,30,Male,Married,Sales
649,34,Male,Married,Research & Development
650,31,Male,Divorced,Sales
652,35,Male,Single,Research & Development
653,31,Male,Divorced,Sales
655,27,Female,Divorced,Research & Development
656,37,Male,Married,Sales
657,20,Female,Single,Research & Development
659,42,Female,Married,Research & Development
661,43,Male,Divorced,Research & Development
662,38,Female,Single,Research & Development
663,43,Male,Divorced,Research & Development
664,48,Female,Married,Research & Development
665,44,Female,Single,Human Resources
666,34,Female,Divorced,Sales
667,27,Male,Divorced,Sales
669,21,Male,Single,Sales
671,44,Male,Married,Research & Development
675,22,Male,Married,Research & Development
677,33,Male,Divorced,Sales
679,32,Female,Married,Research & Development
680,30,Female,Divorced,Research & Development
682,53,Female,Single,Sales
683,34,Male,Married,Research & Development
684,45,Female,Married,Sales
686,26,Female,Married,Research & Development
689,37,Male,Married,Research & Development
690,29,Female,Married,Sales
691,35,Male,Single,Research & Development
692,33,Male,Divorced,Research & Development
698,54,Male,Married,Human Resources
699,36,Male,Divorced,Research & Development
700,27,Male,Single,Research & Development
701,20,Male,Single,Research & Development
702,33,Male,Single,Research & Development
704,35,Male,Married,Research & Development
705,23,Male,Married,Research & Development
707,25,Male,Married,Sales
709,38,Female,Single,Sales
710,29,Male,Divorced,Research & Development
712,48,Male,Married,Sales
714,27,Female,Divorced,Sales
715,37,Male,Single,Research & Development
716,50,Male,Married,Research & Development
717,34,Female,Single,Research & Development
720,24,Female,Single,Sales
721,39,Female,Single,Research & Development
722,32,Male,Single,Sales
723,50,Male,Married,Sales
724,38,Female,Single,Research & Development
725,27,Female,Married,Research & Development
727,32,Female,Single,Research & Development
728,47,Male,Single,Sales
729,40,Male,Married,Sales
730,53,Male,Married,Research & Development
731,41,Male,Divorced,Human Resources
732,60,Male,Single,Sales
733,27,Male,Divorced,Research & Development
734,41,Male,Married,Human Resources
738,50,Male,Married,Sales
741,28,Female,Single,Research & Development
742,36,Female,Married,Research & Development
743,38,Female,Single,Research & Development
744,44,Male,Single,Research & Development
746,47,Female,Divorced,Sales
747,30,Male,Divorced,Sales
749,29,Male,Single,Sales
752,42,Male,Divorced,Research & Development
754,43,Male,Married,Sales
757,34,Female,Single,Research & Development
758,23,Male,Married,Research & Development
760,39,Female,Married,Human Resources
762,56,Male,Married,Research & Development
763,40,Female,Single,Research & Development
764,27,Female,Single,Research & Development
766,29,Male,Divorced,Sales
769,53,Male,Single,Research & Development
771,35,Female,Divorced,Research & Development
772,32,Male,Married,Research & Development
773,38,Male,Married,Research & Development
775,34,Female,Divorced,Research & Development
776,52,Male,Married,Sales
780,33,Male,Single,Research & Development
781,25,Female,Single,Sales
783,45,Male,Single,Sales
784,23,Male,Single,Research & Development
785,47,Female,Single,Sales
786,34,Male,Single,Sales
787,55,Male,Married,Research & Development
789,36,Male,Single,Sales
791,52,Male,Married,Research & Development
792,26,Female,Divorced,Research & Development
793,29,Female,Married,Research & Development
796,26,Male,Single,Sales
797,34,Female,Single,Research & Development
799,54,Female,Divorced,Research & Development
800,27,Male,Married,Sales
802,37,Female,Divorced,Research & Development
803,38,Female,Single,Research & Development
804,34,Female,Single,Research & Development
805,35,Female,Married,Sales
806,30,Male,Married,Research & Development
807,40,Female,Married,Research & Development
808,34,Female,Married,Sales
809,42,Male,Divorced,Research & Development
811,23,Male,Married,Research & Development
812,24,Male,Divorced,Research & Development
813,52,Female,Married,Research & Development
815,50,Male,Married,Research & Development
816,29,Female,Married,Research & Development
817,33,Male,Married,Research & Development
819,33,Female,Single,Sales
820,47,Female,Married,Research & Development
823,36,Female,Married,Research & Development
824,29,Male,Married,Research & Development
825,58,Male,Single,Research & Development
826,35,Female,Single,Research & Development
827,42,Female,Married,Research & Development
828,28,Male,Single,Research & Development
829,36,Male,Married,Human Resources
830,32,Female,Married,Research & Development
832,40,Male,Single,Research & Development
833,30,Female,Single,Research & Development
834,45,Female,Single,Research & Development
836,42,Male,Married,Research & Development
837,38,Male,Divorced,Research & Development
838,34,Female,Single,Research & Development
840,49,Female,Married,Sales
842,55,Male,Single,Sales
843,43,Male,Married,Research & Development
844,27,Male,Divorced,Research & Development
845,35,Male,Single,Research & Development
846,28,Female,Married,Sales
847,34,Male,Married,Human Resources
848,26,Female,Married,Research & Development
850,27,Male,Married,Research & Development
851,51,Female,Married,Sales
852,44,Male,Single,Research & Development
854,25,Male,Single,Research & Development
855,33,Male,Divorced,Sales
856,35,Female,Single,Research & Development
857,36,Male,Married,Sales
859,32,Male,Divorced,Sales
861,30,Male,Divorced,Research & Development
862,53,Female,Married,Sales
864,45,Male,Divorced,Sales
865,32,Female,Married,Research & Development
867,52,Female,Married,Research & Development
868,37,Male,Divorced,Sales
869,28,Male,Divorced,Human Resources
872,22,Male,Married,Research & Development
874,44,Male,Married,Research & Development
875,42,Male,Single,Research & Development
878,36,Male,Married,Human Resources
879,25,Male,Married,Sales
880,35,Female,Married,Research & Development
881,35,Female,Divorced,Research & Development
882,32,Male,Divorced,Research & Development
885,25,Male,Married,Sales
887,49,Female,Married,Research & Development
888,24,Male,Married,Research & Development
889,32,Male,Married,Sales
893,38,Male,Married,Sales
894,42,Female,Married,Research & Development
895,31,Male,Married,Research & Development
896,29,Female,Divorced,Sales
897,53,Male,Married,Sales
899,35,Male,Married,Research & Development
900,37,Female,Married,Sales
901,53,Female,Single,Research & Development
902,43,Female,Married,Research & Development
903,47,Female,Married,Sales
904,37,Male,Single,Sales
905,50,Male,Divorced,Research & Development
909,39,Female,Married,Human Resources
910,33,Male,Divorced,Human Resources
911,32,Male,Single,Research & Development
912,29,Female,Divorced,Research & Development
913,44,Male,Married,Research & Development
916,28,Male,Single,Sales
918,58,Male,Divorced,Research & Development
920,43,Female,Divorced,Research & Development
922,20,Female,Single,Sales
923,21,Female,Single,Research & Development
924,36,Male,Married,Research & Development
925,47,Female,Single,Sales
926,22,Female,Married,Research & Development
927,41,Female,Divorced,Research & Development
930,28,Female,Divorced,Research & Development
932,39,Male,Married,Research & Development
933,27,Female,Single,Research & Development
934,34,Male,Divorced,Research & Development
936,42,Female,Single,Sales
939,33,Male,Single,Research & Development
940,58,Female,Divorced,Research & Development
941,31,Male,Married,Sales
942,35,Female,Married,Research & Development
944,49,Female,Married,Research & Development
945,48,Male,Married,Research & Development
947,31,Female,Married,Sales
949,36,Male,Single,Research & Development
950,38,Female,Married,Research & Development
951,32,Female,Married,Research & Development
952,25,Male,Married,Sales
954,40,Male,Divorced,Sales
956,26,Male,Single,Sales
957,41,Male,Single,Research & Development
958,36,Male,Single,Research & Development
959,19,Male,Single,Sales
960,20,Male,Single,Research & Development
961,31,Female,Married,Research & Development
964,40,Male,Divorced,Research & Development
966,32,Female,Married,Research & Development
967,36,Male,Married,Sales
969,33,Female,Single,Research & Development
970,37,Male,Married,Sales
972,45,Male,Married,Research & Development
974,29,Female,Married,Sales
975,35,Female,Married,Sales
976,52,Male,Married,Research & Development
977,58,Male,Single,Research & Development
981,53,Male,Divorced,Sales
982,30,Male,Divorced,Sales
983,38,Female,Single,Sales
984,35,Male,Divorced,Sales
985,39,Male,Single,Sales
986,40,Female,Single,Sales
987,47,Male,Divorced,Research & Development
990,36,Male,Divorced,Sales
991,31,Male,Single,Research & Development
992,33,Male,Single,Sales
994,29,Female,Single,Research & Development
995,33,Female,Single,Research & Development
996,45,Female,Divorced,Research & Development
997,50,Male,Divorced,Research & Development
998,33,Female,Married,Research & Development
999,41,Male,Divorced,Research & Development
1001,27,Female,Married,Research & Development
1002,45,Male,Married,Research & Development
1003,47,Female,Single,Sales
1004,30,Female,Married,Research & Development
1005,50,Male,Married,Research & Development
1006,38,Male,Married,Research & Development
1007,46,Male,Divorced,Research & Development
1009,24,Female,Divorced,Research & Development
1010,35,Male,Divorced,Research & Development
1011,31,Female,Married,Research & Development
1012,18,Male,Single,Research & Development
1013,54,Female,Married,Research & Development
1014,35,Female,Divorced,Research & Development
1015,30,Female,Married,Research & Development
1016,20,Female,Single,Research & Development
1017,30,Female,Single,Research & Development
1018,26,Male,Married,Research & Development
1019,22,Male,Married,Research & Development
1022,48,Male,Single,Research & Development
1024,48,Male,Single,Research & Development
1025,41,Female,Single,Research & Development
1026,39,Female,Married,Research & Development
1027,27,Female,Married,Research & Development
1028,35,Male,Divorced,Research & Development
1029,42,Male,Married,Sales
1030,50,Male,Married,Research & Development
1032,59,Female,Single,Research & Development
1033,37,Female,Married,Research & Development
1034,55,Male,Married,Research & Development
1035,41,Female,Divorced,Research & Development
1036,38,Male,Single,Sales
1037,26,Male,Single,Sales
1038,52,Female,Married,Sales
1039,44,Female,Married,Sales
1040,50,Female,Married,Sales
1042,36,Female,Single,Research & Development
1043,39,Female,Single,Research & Development
1044,33,Female,Single,Sales
1045,45,Female,Married,Sales
1046,32,Female,Single,Research & Development
1047,34,Male,Divorced,Sales
1048,59,Male,Married,Sales
1049,45,Male,Single,Human Resources
1050,53,Female,Married,Sales
1052,36,Male,Divorced,Research & Development
1053,26,Male,Married,Research & Development
1055,34,Female,Married,Sales
1056,28,Male,Married,Sales
1060,38,Male,Married,Research & Development
1061,50,Male,Married,Research & Development
1062,37,Female,Single,Research & Development
1066,40,Male,Married,Sales
1068,26,Female,Divorced,Research & Development
1069,46,Male,Divorced,Research & Development
1070,54,Female,Married,Sales
1071,56,Female,Married,Research & Development
1073,36,Female,Single,Research & Development
1074,55,Male,Single,Research & Development
1076,43,Male,Divorced,Sales
1077,20,Female,Single,Sales
1079,21,Female,Single,Research & Development
1080,46,Female,Divorced,Research & Development
1081,51,Male,Married,Research & Development
1082,28,Male,Single,Research & Development
1083,26,Male,Married,Research & Development
1084,30,Male,Married,Research & Development
1085,41,Female,Married,Research & Development
1088,38,Female,Married,Research & Development
1092,40,Male,Married,Research & Development
1094,27,Male,Married,Research & Development
1096,55,Male,Married,Research & Development
1097,28,Female,Single,Research & Development
1098,44,Male,Married,Human Resources
1099,33,Male,Divorced,Research & Development
1100,35,Male,Single,Sales
1101,33,Female,Single,Research & Development
1102,28,Male,Divorced,Research & Development
1103,34,Male,Single,Research & Development
1105,37,Female,Divorced,Sales
1106,25,Male,Married,Research & Development
1107,26,Male,Divorced,Research & Development
1108,33,Male,Single,Research & Development
1109,42,Male,Married,Research & Development
1111,28,Male,Divorced,Research & Development
1113,50,Male,Single,Sales
1114,33,Female,Married,Sales
1115,34,Male,Married,Research & Development
1116,48,Male,Single,Research & Development
1117,45,Female,Married,Sales
1118,52,Male,Single,Research & Development
1119,38,Male,Divorced,Sales
1120,29,Female,Divorced,Research & Development
1121,28,Female,Divorced,Research & Development
1124,46,Male,Married,Sales
1125,38,Male,Single,Sales
1126,43,Female,Married,Research & Development
1127,39,Male,Divorced,Research & Development
1128,40,Male,Single,Research & Development
1131,21,Female,Single,Research & Development
1132,39,Male,Single,Research & Development
1133,36,Male,Single,Research & Development
1135,31,Male,Married,Sales
1136,28,Male,Married,Research & Development
1137,35,Male,Divorced,Sales
1138,49,Male,Married,Sales
1140,34,Male,Single,Research & Development
1143,29,Female,Divorced,Research & Development
1148,42,Male,Single,Research & Development
1150,29,Male,Married,Research & Development
1152,38,Male,Married,Human Resources
1154,28,Male,Divorced,Research & Development
1156,18,Male,Single,Research & Development
1157,33,Female,Single,Sales
1158,41,Male,Married,Research & Development
1160,31,Male,Married,Research & Development
1161,37,Female,Divorced,Research & Development
1162,27,Male,Married,Research & Development
1163,34,Female,Married,Sales
1164,35,Male,Single,Human Resources
1165,29,Female,Married,Sales
1166,40,Female,Single,Research & Development
1167,42,Male,Single,Sales
1171,42,Male,Single,Sales
1172,35,Male,Married,Research & Development
1173,24,Male,Single,Research & Development
1175,28,Female,Married,Research & Development
1177,26,Male,Married,Research & Development
1179,30,Male,Married,Sales
1180,40,Female,Married,Research & Development
1182,35,Male,Divorced,Research & Development
1184,34,Male,Single,Research & Development
1185,35,Male,Married,Research & Development
1188,43,Female,Single,Sales
1190,32,Female,Divorced,Sales
1191,56,Female,Divorced,Research & Development
1192,29,Female,Married,Research & Development
1193,19,Male,Single,Research & Development
1195,45,Female,Married,Research & Development
1196,37,Female,Married,Research & Development
1198,20,Male,Single,Research & Development
1200,44,Male,Single,Research & Development
1201,53,Female,Divorced,Research & Development
1202,29,Female,Married,Research & Development
1203,22,Male,Married,Research & Development
1204,46,Female,Married,Sales
1206,44,Male,Single,Research & Development
1207,33,Male,Married,Human Resources
1210,41,Male,Divorced,Research & Development
1211,30,Male,Divorced,Sales
1212,40,Male,Married,Sales
1215,50,Female,Married,Research & Development
1216,28,Male,Married,Research & Development
1217,46,Male,Married,Research & Development
1218,35,Male,Married,Sales
1219,24,Female,Married,Research & Development
1220,33,Female,Married,Sales
1221,36,Male,Divorced,Research & Development
1224,30,Male,Divorced,Research & Development
1225,44,Male,Single,Research & Development
1226,20,Male,Single,Sales
1228,46,Male,Divorced,Research & Development
1231,42,Male,Married,Human Resources
1233,60,Male,Divorced,Sales
1234,32,Female,Married,Research & Development
1235,32,Female,Single,Research & Development
1237,36,Female,Divorced,Research & Development
1238,33,Male,Married,Research & Development
1239,40,Female,Divorced,Sales
1240,25,Male,Single,Sales
1241,30,Male,Married,Research & Development
1242,42,Female,Married,Research & Development
1243,35,Female,Married,Sales
1244,27,Male,Married,Research & Development
1245,54,Female,Divorced,Research & Development
1246,44,Female,Married,Research & Development
1248,19,Female,Single,Research & Development
1249,29,Female,Divorced,Research & Development
1250,54,Male,Married,Research & Development
1251,31,Male,Married,Research & Development
1252,31,Female,Single,Research & Development
1254,59,Female,Single,Sales
1255,43,Male,Married,Research & Development
1256,49,Male,Married,Research & Development
1257,36,Male,Married,Research & Development
1258,48,Male,Single,Research & Development
1259,27,Male,Divorced,Research & Development
1260,29,Male,Divorced,Research & Development
1263,48,Male,Single,Research & Development
1264,29,Female,Divorced,Research & Development
1265,34,Female,Married,Research & Development
1267,44,Male,Married,Sales
1268,33,Male,Divorced,Sales
1269,19,Female,Single,Research & Development
1270,23,Male,Married,Research & Development
1273,25,Male,Single,Sales
1275,26,Male,Single,Research & Development
1277,45,Female,Single,Sales
1278,55,Male,Divorced,Research & Development
1279,21,Female,Single,Research & Development
1280,46,Female,Married,Sales
1281,34,Female,Single,Sales
1282,51,Male,Divorced,Sales
1283,59,Male,Single,Research & Development
1285,34,Female,Divorced,Research & Development
1286,28,Male,Single,Research & Development
1288,44,Male,Divorced,Research & Development
1289,34,Male,Married,Human Resources
1291,35,Male,Married,Research & Development
1292,42,Female,Married,Research & Development
1293,43,Female,Single,Sales
1294,36,Female,Single,Research & Development
1295,44,Female,Married,Research & Development
1296,28,Male,Married,Research & Development
1297,51,Female,Single,Research & Development
1298,30,Female,Single,Research & Development
1299,29,Female,Divorced,Research & Development
1301,28,Male,Single,Research & Development
1303,25,Female,Single,Research & Development
1304,32,Male,Married,Sales
1306,45,Female,Single,Research & Development
1307,39,Female,Divorced,Research & Development
1308,58,Male,Divorced,Research & Development
1309,32,Male,Married,Research & Development
1310,39,Male,Single,Research & Development
1311,30,Female,Married,Research & Development
1312,36,Female,Married,Research & Development
1314,46,Female,Single,Human Resources
1315,28,Female,Married,Research & Development
1317,50,Female,Married,Research & Development
1318,40,Male,Single,Sales
1319,52,Male,Single,Sales
1321,30,Female,Married,Research & Development
1322,39,Male,Single,Research & Development
1324,31,Female,Divorced,Sales
1329,41,Male,Single,Sales
1331,31,Female,Single,Sales
1333,44,Male,Married,Research & Development
1334,42,Male,Married,Research & Development
1336,55,Female,Married,Research & Development
1338,56,Male,Single,Human Resources
1340,40,Male,Divorced,Research & Development
1344,34,Male,Divorced,Research & Development
1346,40,Male,Single,Research & Development
1349,41,Female,Divorced,Sales
1350,35,Male,Single,Research & Development
1352,51,Male,Divorced,Human Resources
1355,38,Female,Divorced,Sales
1356,34,Female,Single,Sales
1358,25,Male,Married,Research & Development
1360,58,Female,Married,Research & Development
1361,40,Male,Married,Research & Development
1362,36,Female,Married,Sales
1363,48,Male,Single,Research & Development
1364,27,Female,Married,Sales
1367,51,Female,Single,Research & Development
1368,18,Female,Single,Research & Development
1369,35,Female,Married,Research & Development
1371,27,Male,Single,Sales
1372,55,Male,Single,Sales
1373,56,Male,Married,Research & Development
1374,34,Female,Divorced,Research & Development
1375,40,Female,Divorced,Research & Development
1377,34,Male,Married,Research & Development
1379,31,Female,Single,Sales
1380,35,Female,Married,Sales
1382,38,Male,Divorced,Research & Development
1383,34,Female,Single,Research & Development
1387,28,Male,Married,Sales
1389,31,Male,Married,Research & Development
1390,39,Male,Married,Sales
1391,51,Male,Married,Sales
1392,41,Female,Divorced,Research & Development
1394,37,Male,Married,Research & Development
1395,33,Male,Married,Sales
1396,32,Male,Married,Sales
1397,39,Male,Married,Research & Development
1399,25,Male,Married,Sales
1401,52,Female,Married,Research & Development
1402,43,Female,Single,Research & Development
1403,27,Female,Married,Sales
1405,27,Female,Single,Research & Development
1407,26,Male,Single,Research & Development
1408,42,Female,Married,Human Resources
1409,52,Female,Married,Research & Development
1411,37,Female,Single,Research & Development
1412,35,Male,Single,Research & Development
1415,25,Male,Married,Research & Development
1417,26,Male,Single,Research & Development
1419,29,Male,Single,Human Resources
1420,49,Male,Single,Research & Development
1421,29,Female,Single,Research & Development
1422,54,Female,Single,Research & Development
1423,58,Female,Married,Research & Development
1424,55,Male,Divorced,Research & Development
1425,36,Female,Single,Sales
1427,31,Female,Single,Sales
1428,30,Female,Divorced,Sales
1430,31,Female,Single,Research & Development
1431,34,Male,Divorced,Research & Development
1433,31,Female,Single,Research & Development
1434,27,Male,Married,Research & Development
1435,36,Male,Single,Research & Development
1436,36,Female,Married,Sales
1438,47,Male,Married,Research & Development
1439,25,Male,Married,Sales
1440,37,Male,Single,Research & Development
1441,56,Female,Married,Research & Development
1443,47,Female,Married,Research & Development
1445,24,Female,Married,Sales
1446,32,Male,Married,Sales
1447,34,Female,Married,Research & Development
1448,41,Male,Married,Research & Development
1449,40,Male,Divorced,Research & Development
1453,31,Male,Divorced,Sales
1457,46,Male,Divorced,Sales
1458,39,Female,Single,Research & Development
1459,31,Female,Single,Research & Development
1460,45,Male,Divorced,Research & Development
1461,31,Female,Single,Human Resources
1464,31,Male,Married,Research & Development
1465,45,Male,Married,Research & Development
1466,48,Male,Divorced,Sales
1467,34,Female,Married,Human Resources
1468,40,Male,Divorced,Research & Development
1469,28,Male,Single,Sales
1471,44,Male,Single,Research & Development
1472,53,Male,Single,Research & Development
1473,49,Male,Married,Research & Development
1474,40,Male,Divorced,Research & Development
1475,44,Male,Single,Research & Development
1477,33,Male,Married,Sales
1478,34,Male,Single,Sales
1479,30,Male,Married,Sales
1480,42,Female,Single,Research & Development
1481,44,Female,Married,Sales
1482,30,Male,Divorced,Research & Development
1483,57,Male,Married,Research & Development
1484,49,Male,Divorced,Research & Development
1485,34,Male,Divorced,Research & Development
1486,28,Male,Married,Sales
1487,29,Female,Single,Sales
1489,34,Female,Single,Sales
1492,35,Male,Married,Sales
1494,24,Male,Single,Research & Development
1495,24,Female,Married,Sales
1496,44,Male,Single,Research & Development
1497,29,Male,Divorced,Sales
1499,30,Male,Divorced,Human Resources
1501,55,Male,Married,Research & Development
1502,33,Female,Married,Research & Development
1503,47,Female,Married,Sales
1504,28,Male,Single,Research & Development
1506,28,Male,Divorced,Research & Development
1507,28,Male,Single,Sales
1509,49,Female,Married,Research & Development
1513,29,Female,Married,Research & Development
1514,28,Male,Married,Research & Development
1515,33,Male,Single,Research & Development
1516,32,Male,Single,Research & Development
1520,54,Female,Divorced,Research & Development
1522,29,Male,Single,Research & Development
1523,44,Male,Married,Research & Development
1525,39,Female,Single,Research & Development
1527,46,Female,Married,Sales
1529,35,Female,Single,Research & Development
1533,23,Male,Single,Research & Development
1534,40,Male,Single,Research & Development
1535,34,Male,Married,Sales
1537,31,Female,Single,Research & Development
1539,50,Male,Single,Research & Development
1541,34,Male,Married,Sales
1542,42,Male,Married,Research & Development
1543,37,Male,Married,Research & Development
1544,29,Female,Married,Research & Development
1545,33,Male,Single,Research & Development
1546,45,Male,Married,Research & Development
1547,42,Male,Married,Research & Development
1548,40,Male,Married,Sales
1549,33,Male,Married,Research & Development
1550,40,Male,Single,Human Resources
1551,24,Male,Divorced,Research & Development
1552,40,Male,Divorced,Research & Development
1553,45,Male,Divorced,Research & Development
1554,35,Female,Married,Sales
1555,32,Female,Married,Research & Development
1556,36,Male,Single,Sales
1557,48,Female,Divorced,Sales
1558,29,Male,Married,Research & Development
1560,33,Male,Married,Sales
1562,30,Male,Married,Sales
1563,38,Male,Married,Human Resources
1564,35,Male,Single,Research & Development
1568,30,Male,Married,Sales
1569,35,Female,Divorced,Research & Development
1572,53,Female,Married,Research & Development
1573,38,Male,Married,Research & Development
1574,32,Male,Married,Research & Development
1576,48,Female,Married,Research & Development
1577,34,Male,Single,Research & Development
1578,55,Male,Married,Sales
1580,34,Male,Married,Research & Development
1581,26,Female,Married,Research & Development
1582,38,Male,Married,Sales
1583,38,Female,Single,Sales
1585,36,Female,Single,Sales
1586,29,Male,Single,Research & Development
1587,35,Female,Single,Research & Development
1588,39,Male,Married,Sales
1590,29,Male,Divorced,Research & Development
1591,50,Male,Married,Sales
1592,23,Male,Married,Research & Development
1594,36,Male,Married,Research & Development
1595,42,Male,Single,Research & Development
1596,35,Male,Married,Research & Development
1597,34,Male,Married,Research & Development
1598,40,Female,Married,Sales
1599,43,Male,Divorced,Research & Development
1601,35,Male,Married,Research & Development
1602,46,Male,Single,Sales
1604,28,Male,Married,Research & Development
1605,22,Female,Married,Research & Development
1606,50,Male,Married,Research & Development
1607,32,Female,Married,Research & Development
1608,44,Female,Divorced,Research & Development
1609,30,Male,Married,Research & Development
1611,45,Female,Single,Research & Development
1612,45,Male,Married,Sales
1613,31,Male,Single,Sales
1614,36,Female,Married,Research & Development
1615,34,Male,Divorced,Research & Development
1617,49,Female,Married,Research & Development
1618,39,Male,Married,Research & Development
1619,27,Male,Divorced,Research & Development
1621,35,Male,Married,Research & Development
1622,28,Female,Divorced,Research & Development
1623,21,Male,Single,Research & Development
1624,18,Female,Single,Sales
1625,47,Female,Married,Human Resources
1627,39,Male,Divorced,Research & Development
1628,40,Female,Married,Research & Development
1630,35,Female,Married,Research & Development
1631,37,Male,Married,Research & Development
1633,39,Female,Single,Research & Development
1635,45,Female,Divorced,Research & Development
1638,38,Female,Married,Research & Development
1639,35,Male,Married,Sales
1640,37,Female,Married,Research & Development
1641,40,Female,Single,Research & Development
1642,44,Male,Married,Human Resources
1644,48,Male,Married,Research & Development
1645,35,Male,Divorced,Sales
1646,24,Female,Single,Research & Development
1647,27,Female,Married,Research & Development
1648,27,Male,Single,Research & Development
1649,40,Male,Single,Research & Development
1650,29,Male,Single,Sales
1651,36,Female,Married,Research & Development
1653,25,Male,Divorced,Research & Development
1654,39,Male,Married,Research & Development
1655,49,Female,Married,Research & Development
1656,50,Female,Divorced,Research & Development
1657,20,Female,Single,Sales
1658,34,Female,Divorced,Research & Development
1659,36,Male,Single,Research & Development
1661,49,Female,Married,Research & Development
1662,36,Female,Married,Research & Development
1664,36,Male,Divorced,Research & Development
1665,54,Female,Married,Research & Development
1666,43,Male,Married,Research & Development
1667,35,Male,Single,Sales
1668,38,Male,Married,Research & Development
1669,29,Male,Divorced,Sales
1670,33,Male,Divorced,Sales
1671,32,Male,Divorced,Research & Development
1673,31,Female,Married,Sales
1674,49,Female,Divorced,Research & Development
1675,38,Female,Single,Research & Development
1676,47,Female,Divorced,Sales
1677,49,Male,Single,Research & Development
1678,41,Male,Single,Sales
1680,20,Male,Single,Sales
1681,33,Female,Divorced,Sales
1682,36,Male,Married,Research & Development
1683,44,Female,Divorced,Human Resources
1684,23,Male,Single,Research & Development
1687,38,Female,Married,Research & Development
1689,53,Male,Married,Research & Development
1691,48,Female,Married,Sales
1692,32,Male,Single,Research & Development
1693,26,Male,Single,Research & Development
1694,55,Male,Divorced,Research & Development
1696,34,Male,Married,Research & Development
1697,60,Male,Divorced,Research & Development
1698,33,Male,Married,Research & Development
1700,37,Male,Divorced,Sales
1701,34,Female,Married,Research & Development
1702,23,Male,Divorced,Sales
1703,44,Female,Married,Research & Development
1704,35,Male,Single,Research & Development
1706,43,Male,Married,Sales
1707,24,Male,Married,Research & Development
1708,41,Male,Single,Sales
1709,29,Female,Married,Research & Development
1710,36,Female,Single,Sales
1712,45,Male,Married,Research & Development
1714,24,Male,Married,Human Resources
1716,47,Male,Married,Sales
1718,26,Male,Married,Research & Development
1719,45,Female,Single,Research & Development
1720,32,Male,Married,Research & Development
1721,31,Male,Married,Research & Development
1722,41,Male,Married,Human Resources
1724,40,Female,Married,Research & Development
1725,24,Male,Divorced,Research & Development
1727,46,Male,Single,Research & Development
1728,35,Male,Married,Research & Development
1729,30,Male,Married,Research & Development
1731,47,Male,Married,Sales
1732,46,Male,Divorced,Sales
1733,36,Male,Divorced,Sales
1734,32,Male,Single,Sales
1735,23,Female,Single,Research & Development
1736,31,Female,Single,Research & Development
1737,39,Male,Married,Research & Development
1739,32,Male,Married,Sales
1740,40,Male,Single,Sales
1744,45,Female,Married,Human Resources
1745,30,Female,Single,Research & Development
1746,24,Male,Married,Human Resources
1747,30,Female,Divorced,Human Resources
1749,31,Male,Married,Sales
1751,27,Female,Single,Research & Development
1752,29,Female,Single,Sales
1753,29,Male,Single,Research & Development
1754,30,Male,Divorced,Sales
1755,34,Male,Married,Research & Development
1756,33,Female,Single,Sales
1757,49,Female,Single,Sales
1758,33,Female,Single,Sales
1760,38,Female,Married,Research & Development
1761,31,Male,Married,Sales
1762,29,Female,Divorced,Research & Development
1763,30,Male,Married,Research & Development
1764,32,Male,Single,Research & Development
1766,38,Male,Married,Research & Development
1767,43,Male,Married,Research & Development
1768,42,Male,Divorced,Research & Development
1770,55,Male,Married,Research & Development
1771,33,Male,Divorced,Research & Development
1772,41,Male,Divorced,Research & Development
1774,34,Male,Divorced,Sales
1775,53,Female,Married,Research & Development
1778,43,Male,Single,Human Resources
1779,34,Female,Single,Sales
1780,21,Male,Single,Sales
1782,38,Female,Married,Research & Development
1783,22,Female,Married,Research & Development
1784,31,Female,Married,Sales
1786,51,Female,Married,Research & Development
1787,37,Male,Married,Sales
1789,46,Male,Divorced,Research & Development
1790,36,Male,Married,Research & Development
1792,44,Male,Divorced,Research & Development
1794,37,Male,Divorced,Human Resources
1797,35,Male,Single,Sales
1798,33,Male,Married,Research & Development
1799,28,Male,Married,Research & Development
1800,39,Male,Single,Research & Development
1801,46,Male,Single,Sales
1802,40,Female,Married,Research & Development
1803,42,Male,Married,Research & Development
1804,35,Male,Divorced,Research & Development
1805,38,Male,Divorced,Human Resources
1807,34,Male,Married,Research & Development
1809,37,Male,Single,Research & Development
1812,39,Male,Divorced,Sales
1813,43,Male,Single,Research & Development
1814,41,Male,Single,Research & Development
1815,41,Female,Divorced,Sales
1816,30,Female,Single,Research & Development
1818,26,Female,Married,Human Resources
1821,46,Female,Married,Research & Development
1822,40,Female,Divorced,Research & Development
1823,34,Male,Married,Sales
1824,58,Male,Divorced,Sales
1826,35,Male,Married,Research & Development
1827,47,Female,Divorced,Research & Development
1829,40,Female,Divorced,Research & Development
1830,54,Female,Married,Research & Development
1833,31,Female,Married,Sales
1834,28,Female,Married,Research & Development
1835,38,Female,Married,Sales
1836,26,Male,Single,Sales
1837,58,Male,Married,Research & Development
1839,18,Female,Single,Research & Development
1842,31,Male,Married,Human Resources
1844,29,Male,Divorced,Human Resources
1845,45,Female,Married,Sales
1847,36,Female,Married,Research & Development
1849,43,Male,Married,Sales
1850,27,Female,Single,Research & Development
1852,29,Male,Married,Research & Development
1853,32,Male,Single,Sales
1854,42,Male,Married,Research & Development
1856,47,Female,Single,Research & Development
1857,46,Male,Divorced,Research & Development
1858,28,Male,Divorced,Human Resources
1859,29,Male,Divorced,Research & Development
1860,42,Male,Single,Research & Development
1862,32,Male,Single,Sales
1863,46,Female,Divorced,Sales
1864,27,Female,Married,Sales
1865,29,Male,Married,Human Resources
1866,43,Female,Married,Research & Development
1867,48,Male,Married,Research & Development
1868,29,Male,Single,Research & Development
1869,46,Female,Married,Sales
1870,27,Female,Married,Research & Development
1871,39,Male,Divorced,Research & Development
1873,55,Male,Married,Research & Development
1875,28,Female,Married,Sales
1876,30,Male,Single,Sales
1878,22,Male,Single,Research & Development
1880,36,Female,Married,Sales
1881,31,Male,Divorced,Research & Development
1882,34,Male,Married,Sales
1883,29,Male,Single,Research & Development
1885,37,Male,Married,Research & Development
1886,35,Female,Married,Research & Development
1888,45,Female,Married,Research & Development
1890,36,Male,Single,Human Resources
1892,40,Male,Divorced,Research & Development
1893,26,Female,Married,Research & Development
1898,27,Female,Single,Sales
1900,48,Female,Divorced,Research & Development
1903,44,Male,Married,Research & Development
1905,34,Male,Married,Research & Development
1907,56,Male,Single,Research & Development
1908,36,Male,Married,Sales
1909,41,Female,Married,Sales
1911,42,Male,Married,Research & Development
1912,31,Female,Divorced,Sales
1915,34,Female,Married,Sales
1916,31,Female,Divorced,Research & Development
1918,26,Male,Married,Research & Development
1922,45,Male,Single,Research & Development
1924,33,Male,Single,Sales
1927,28,Male,Married,Sales
1928,29,Male,Single,Sales
1929,39,Female,Married,Sales
1931,27,Male,Married,Research & Development
1932,34,Male,Married,Research & Development
1933,28,Female,Single,Sales
1934,47,Male,Married,Research & Development
1935,56,Female,Married,Sales
1936,39,Male,Married,Research & Development
1937,38,Female,Divorced,Research & Development
1938,58,Female,Married,Sales
1939,32,Female,Single,Research & Development
1940,38,Male,Divorced,Research & Development
1941,49,Male,Married,Research & Development
1943,42,Male,Divorced,Sales
1944,27,Female,Married,Human Resources
1945,35,Male,Married,Sales
1947,28,Male,Single,Research & Development
1948,31,Male,Divorced,Research & Development
1949,36,Male,Married,Research & Development
1950,34,Male,Single,Sales
1951,34,Male,Divorced,Sales
1952,26,Male,Single,Research & Development
1954,29,Male,Married,Research & Development
1955,32,Female,Divorced,Research & Development
1956,31,Male,Married,Research & Development
1960,28,Male,Divorced,Research & Development
1961,38,Male,Single,Sales
1962,35,Female,Married,Sales
1965,27,Male,Single,Sales
1966,32,Male,Single,Research & Development
1967,31,Male,Married,Sales
1968,53,Male,Single,Sales
1969,54,Female,Married,Research & Development
1970,33,Male,Divorced,Research & Development
1971,43,Male,Married,Research & Development
1972,38,Male,Married,Human Resources
1973,55,Male,Married,Human Resources
1974,31,Female,Divorced,Research & Development
1975,39,Male,Single,Sales
1976,42,Male,Single,Research & Development
1979,31,Female,Married,Research & Development
1980,54,Female,Single,Research & Development
1981,24,Male,Single,Research & Development
1982,23,Male,Single,Research & Development
1985,40,Female,Married,Research & Development
1986,40,Female,Married,Sales
1987,25,Female,Married,Human Resources
1989,30,Male,Married,Research & Development
1992,25,Male,Divorced,Research & Development
1993,47,Male,Single,Research & Development
1994,33,Male,Divorced,Research & Development
1995,38,Male,Married,Sales
1996,31,Male,Married,Sales
1997,38,Male,Married,Research & Development
1998,42,Male,Divorced,Research & Development
1999,41,Male,Married,Research & Development
2000,47,Female,Married,Research & Development
2003,35,Male,Married,Research & Development
2007,22,Male,Single,Research & Development
2008,35,Male,Single,Research & Development
2009,33,Female,Married,Research & Development
2010,32,Female,Single,Research & Development
2012,40,Male,Married,Research & Development
2013,32,Male,Married,Sales
2014,39,Male,Single,Research & Development
2015,38,Female,Married,Research & Development
2016,32,Female,Married,Sales
2017,37,Female,Married,Research & Development
2018,25,Female,Divorced,Sales
2019,52,Male,Divorced,Sales
2020,44,Male,Single,Research & Development
2021,21,Male,Single,Sales
2022,39,Male,Single,Research & Development
2023,23,Male,Married,Sales
2024,36,Female,Married,Sales
2025,36,Female,Divorced,Research & Development
2026,56,Male,Divorced,Research & Development
2027,29,Male,Married,Research & Development
2031,42,Male,Married,Research & Development
2032,56,Male,Married,Research & Development
2034,41,Female,Married,Research & Development
2035,34,Female,Married,Sales
2036,36,Male,Divorced,Sales
2037,41,Male,Divorced,Sales
2038,32,Male,Single,Research & Development
2040,35,Female,Single,Human Resources
2041,38,Female,Married,Sales
2044,50,Male,Divorced,Sales
2045,36,Female,Married,Sales
2046,45,Female,Single,Sales
2048,40,Male,Single,Research & Development
2049,35,Male,Married,Research & Development
2051,40,Female,Married,Research & Development
2052,35,Female,Married,Research & Development
2053,29,Male,Married,Research & Development
2054,29,Female,Single,Research & Development
2055,50,Male,Divorced,Sales
2056,39,Female,Married,Sales
2057,31,Male,Single,Research & Development
2060,26,Female,Single,Sales
2061,36,Male,Married,Research & Development
2062,39,Male,Married,Research & Development
2064,27,Male,Married,Research & Development
2065,49,Male,Married,Sales
2068,34,Male,Married,Research & Development
